RequirementText,class
The product shall operate on both Windows CE and Palm operating systems without loss of functionality.,PO
The system shall run seamlessly on Unix and Windows operating systems.,PO
The application shall be compatible with iOS and Android platforms.,PO
The system shall function correctly across all major web browsers.,PO
The system shall support access from both desktop and mobile environments.,PO
The system shall allow use on Windows and Linux operating systems without requiring code changes.,PO
"The product shall run in any environment that supports web access, maintaining platform independence.",PO
The web interface shall comply with web standards to ensure compatibility with all major browsers across different environments.,PO
"The software shall execute on multiple popular hardware platforms, ensuring platform independence.",PO
The system shall operate on Windows Server 2003 and newer versions.,PO
The system shall be compatible with IIS 6.0 or later and Apache 2.0 or later.,PO
The system shall be portable across various operating environments.,PO
The software shall run on both Windows CE and Palm OS without performance degradation.,PO
The application shall support execution on Unix and Windows operating systems.,PO
The product shall be functional on iOS and Android platforms.,PO
The system shall operate correctly on all widely used browsers.,PO
The solution shall support usage from both mobile and desktop devices.,PO
The application shall be usable on Windows and Linux without modification.,PO
The system shall function in any web-enabled environment.,PO
The interface shall adhere to web standards to ensure cross-browser compatibility.,PO
The software shall work on multiple hardware platforms without customization.,PO
The system shall run on Windows Server 2003 and later versions.,PO
The application shall be compatible with IIS 6.0+ and Apache 2.0+.,PO
The product shall adapt to various operating environments.,PO
The software shall be deployable on different OS platforms.,PO
"The application shall operate without errors on Unix, Linux, and Windows.",PO
The system shall be browser-independent and operate on all common browsers.,PO
The application shall be compatible with both Android and iOS mobile devices.,PO
The solution shall run on any operating system with minimal configuration.,PO
The web application shall comply with standards for multi-browser support.,PO
The software shall support execution in heterogeneous IT environments.,PO
The platform shall operate across multiple hardware architectures.,PO
"The solution shall function on desktop, tablet, and mobile devices.",PO
The application shall run on all major desktop OS versions.,PO
The product shall be accessible through any compliant browser.,PO
The software shall support multiple device types without reinstallation.,PO
The system shall be platform-independent by design.,PO
The application shall execute correctly on both 32-bit and 64-bit systems.,PO
The product shall be compatible with Linux distributions and Windows editions.,PO
The system shall run seamlessly on both server and client operating systems.,PO
The software shall be adaptable to different screen resolutions.,PO
The application shall run effectively on MacOS and Windows.,PO
The solution shall be compatible with any HTML5-capable browser.,PO
The software shall execute on both Intel and ARM-based processors.,PO
The application shall operate across different computing environments.,PO
The platform shall support cross-OS deployment.,PO
The system shall run without issues in virtualized environments.,PO
The software shall be deployable on Docker containers and physical machines.,PO
The solution shall support hybrid environments.,PO
The software shall function on Android tablets and iPads.,PO
The platform shall be compatible with multiple web rendering engines.,PO
The application shall be installable on various device types.,PO
The system shall support legacy operating systems.,PO
The software shall run without dependency on a specific OS.,PO
The application shall be compatible with multi-platform authentication systems.,PO
The platform shall adapt to new OS versions with minimal updates.,PO
The software shall work with any standards-compliant browser.,PO
The application shall be functional on both touch and non-touch devices.,PO
The solution shall be independent of hardware vendor.,PO
The platform shall operate in diverse network environments.,PO
The application shall run with consistent behavior across platforms.,PO
The system shall be optimized for cross-platform performance.,PO
The software shall support various device form factors.,PO
The platform shall run on any Java-enabled operating system.,PO
The application shall execute correctly regardless of hosting environment.,PO
"The software shall be compatible with Windows, MacOS, and Linux.",PO
The product shall run in both test and production environments.,PO
The solution shall be deployable on-premises and in the cloud.,PO
The application shall work with all major browser versions.,PO
The software shall operate in different localization settings.,PO
The software shall be executable from removable media.,PO
The platform shall run on both low-end and high-end hardware.,PO
The application shall support BYOD (Bring Your Own Device) environments.,PO
The software shall be compatible with thin and thick clients.,PO
The platform shall run in both IPv4 and IPv6 network environments.,PO
The application shall operate on dual-boot systems.,PO
The system shall support portable installation.,PO
The software shall run in emulated OS environments.,PO
The application shall be adaptable to changes in browser engines.,PO
The product shall operate without requiring OS-specific configurations.,PO
The platform shall run on secure and restricted devices.,PO
The application shall work with minimal hardware resources.,PO
The system shall support execution in sandboxed environments.,PO
The software shall be compatible with cross-platform development frameworks.,PO
The application shall be functional in multiple datacenter environments.,PO
The solution shall run on both desktop and kiosk systems.,PO
The software shall support portable execution from USB drives.,PO
The application shall operate without dependency on hardware model.,PO
The platform shall support OS migration without data loss.,PO
The application shall run on embedded systems.,PO
The platform shall support concurrent use on different OS versions.,PO
The application shall adapt to mobile OS updates automatically.,PO
The system shall operate in heterogeneous computing environments.,PO
The product shall run on ARM and x86 architectures.,PO
The application shall execute within containerized environments.,PO
The software shall support deployment on different hypervisors.,PO
The system shall be compatible with open-source and proprietary OS.,PO
The application shall run in hybrid cloud environments.,PO
The product shall be operable in secure intranet and internet environments.,PO
The software shall support multi-platform builds.,PO
The application shall run in multi-tenant environments.,PO
The system shall operate consistently across different platforms.,PO
The software shall support deployment via multiple package formats.,PO
The platform shall be compatible with virtual desktops.,PO
The application shall execute across various device categories.,PO
The system shall be operable across all popular desktop and mobile operating systems.,PO
The software must work on both legacy and modern versions of Windows and Linux.,PO
The product shall be capable of executing on embedded devices running Android or Linux.,PO
The application must be deployable on any hardware architecture supported by the OS.,PO
The platform shall function correctly whether running on ARM or x86 processors.,PO
The system must remain compatible when migrating between different server OS versions.,PO
The software shall execute on any browser without the need for custom plugins.,PO
The platform shall be optimized for use in cross-platform enterprise environments.,PO
The application shall be compatible with all major Linux distributions.,PO
The system must run without errors when hosted on cloud platforms from different vendors.,PO
The software shall support multiple browser rendering engines.,PO
The application must be installable on both physical and virtual servers.,PO
The platform shall remain functional after OS updates.,PO
"The product must operate consistently across desktop, tablet, and smartphone devices.",PO
The system shall support deployment in both on-premise and cloud infrastructures.,PO
The application must function without OS-specific dependencies.,PO
The software shall run in both high-bandwidth and low-bandwidth network environments.,PO
The product must support mobile OS versions from at least the last three years.,PO
The system shall be accessible from any standards-compliant browser.,PO
The software must work seamlessly across different virtualization platforms.,PO
The platform shall support execution on touch-enabled and non-touch devices.,PO
The product must function in hybrid OS environments.,PO
The application shall run without performance degradation on lower-spec hardware.,PO
The system must be compatible with open-source and proprietary operating systems.,PO
The software shall work across varying screen resolutions.,PO
The application must be adaptable to new hardware without recoding.,PO
The product shall be compatible with multiple authentication systems across OS.,PO
The platform must support multiple versions of the same operating system.,PO
The system shall be operable within containerized deployment environments.,PO
The software must be deployable via both package installers and portable executables.,PO
The product shall operate on devices with different hardware vendors.,PO
The application must support usage in multi-platform networked environments.,PO
The software shall work without modification in multi-boot configurations.,PO
The platform must run on various hypervisors and VM solutions.,PO
The application must execute across both secure and public networks.,PO
The product shall be compatible with all HTML5-compliant browsers.,PO
The system must allow use from devices running different OS versions.,PO
The application must work across devices with varied processing capabilities.,PO
The software shall run without requiring a particular hardware setup.,PO
The platform must be usable in remote desktop environments.,PO
The product shall support deployment in multi-region environments.,PO
The application must remain stable across device firmware updates.,PO
The software shall be accessible through browser-based thin clients.,PO
The system must operate in both IPv4 and IPv6 network configurations.,PO
The application must run on devices with different screen aspect ratios.,PO
The product shall be executable from read-only media.,PO
The software must remain compatible with discontinued OS versions.,PO
The platform must allow seamless migration between OS.,PO
The application must support simultaneous access from different OS.,PO
The product shall run on dedicated and shared hosting environments.,PO
The system must be compatible with hardware from multiple manufacturers.,PO
The application must support deployment through both local and cloud repositories.,PO
The software must run without requiring hardware-specific drivers.,PO
The platform must support hot-swapping between operating systems.,PO
The product shall be compatible with industry-standard portable formats.,PO
The application must run across all major app store ecosystems.,PO
The system shall support multiple monitor configurations.,PO
The software must run in emulation environments.,PO
The platform must function with varying hardware acceleration capabilities.,PO
The application must be operable on devices with restricted admin access.,PO
The product shall support data persistence across OS reinstalls.,PO
The system must run without needing OS-specific updates.,PO
The software shall be accessible in kiosk-mode devices.,PO
The application must support different hardware input methods.,PO
The platform must operate in mixed OS enterprise environments.,PO
The product shall run using both local and networked storage.,PO
The software must be compatible with secure boot-enabled systems.,PO
The application must run without OS-level modification.,PO
The platform shall function with multiple encryption protocols.,PO
The product must work on devices using alternative OS shells.,PO
The application shall run in isolated test environments.,PO
The system must function without OS-specific security exemptions.,PO
The software must support execution in developer and production modes.,PO
The platform must be operable on battery-powered and plugged-in devices.,PO
The application shall adapt to OS locale settings automatically.,PO
The product must run on high-performance clusters and standalone machines.,PO
The software must work in environments with restricted internet access.,PO
The platform must support operating system virtualization.,PO
The application shall be compatible with cross-compilation targets.,PO
The system must operate under multiple user account control systems.,PO
The software must be deployable via automated scripts.,PO
The application shall run on headless systems.,PO
The product must function in diverse hardware performance profiles.,PO
The platform shall run with consistent results in multi-vendor setups.,PO
The application must be operable on modular hardware systems.,PO
The system must run with minimal OS-specific tuning.,PO
The product must be accessible via multiple network protocols.,PO
The platform shall support portable execution without installation.,PO
The software must function under various OS file systems.,PO
The application shall run in shared computing labs without special configuration.,PO
The system must be operable on thin client infrastructures.,PO
The product shall be compatible with offline installation media.,PO
The software must support cross-platform API integration.,PO
The application must run in restricted sandbox environments.,PO
The platform shall work on both single-board computers and full desktops.,PO
"The application shall be compatible with Windows, macOS, and Linux without separate builds.",PO
The product must run on all major mobile OS versions including Android and iOS.,PO
The software shall operate on cloud-based and locally hosted servers.,PO
The platform must support execution in containerized environments like Docker.,PO
The application shall be installable on both 32-bit and 64-bit operating systems.,PO
The system must remain functional when migrated to new server hardware.,PO
The product shall support running on both Unix-based and Windows-based servers.,PO
The software must be compatible with thin clients and full workstations.,PO
The application shall run on any browser that meets W3C standards.,PO
The platform must support deployment on virtual machines from multiple vendors.,PO
The product shall be able to run without modification on ARM and Intel chipsets.,PO
The system must support multiple Linux distributions without custom builds.,PO
The software must be compatible with both current and legacy browser versions.,PO
The application shall run in both high-security and open-access networks.,PO
The platform must function on low-power embedded devices.,PO
The product shall run equally well on SSD and HDD storage.,PO
The system must be usable from any standards-compliant web interface.,PO
The software shall execute in offline and online modes.,PO
The application must run on servers using various file system formats.,PO
The platform must support portable execution from external storage.,PO
The product shall be accessible from devices using multiple screen resolutions.,PO
The software must be deployable without OS-specific dependencies.,PO
The system shall work in hybrid cloud environments.,PO
The platform shall support multiple API standards across OS.,PO
The software must run with consistent behavior across devices.,PO
The application shall be compatible with headless server deployments.,PO
The product must support devices with different graphics acceleration capabilities.,PO
The platform must be able to run on modular computing hardware.,PO
The software shall be usable on both personal and shared devices.,PO
The system must run on devices supporting multiple input methods.,PO
The application shall be accessible via browsers on gaming consoles.,PO
The product must operate with minimal OS-specific adjustments.,PO
The platform must work in both IPv4 and IPv6 networks.,PO
The system must run on devices with different storage capacities.,PO
The product shall support deployment through multiple distribution channels.,PO
The application must be compatible with systems running secure boot.,PO
The software shall run without requiring specific firmware versions.,PO
The platform must function in both corporate and home environments.,PO
The system shall be compatible with multi-monitor setups.,PO
The product shall run without issue in emulation environments.,PO
The platform must support running on battery-powered devices.,PO
The application shall run in restricted sandbox environments.,PO
The system must support cloud migration without code changes.,PO
The software must run without requiring elevated system privileges.,PO
The application must function in both production and test environments.,PO
The product shall run without dependency on specific network protocols.,PO
The software must run on devices with multiple OS shells.,PO
The platform shall function with varied hardware configurations.,PO
The product must support instant switching between OS environments.,PO
The system must run on devices with different memory sizes.,PO
The application shall work across varying screen aspect ratios.,PO
The software must be compatible with both on-premise and remote desktops.,PO
The platform must support installation from both online and offline media.,PO
The system shall run on different network topologies.,PO
The application must function without OS-specific installers.,PO
The product shall be usable on virtual desktop infrastructures.,PO
The application must run on devices using standard network ports.,PO
The system shall be compatible with open-source virtualization tools.,PO
The product must function across all major browser engines.,PO
The software shall run on devices with multiple network interfaces.,PO
The application shall be compatible with multiple filesystem types.,PO
The system must support use in multi-vendor network environments.,PO
The product shall run without dependency on proprietary drivers.,PO
The application must be compatible with kiosk-based deployments.,PO
The product shall operate across different OS service pack levels.,PO
The software must run in both secure and guest network modes.,PO
The platform shall support execution in both real and virtual hardware.,PO
The application must function with multiple keyboard layouts.,PO
The system shall run without needing OS kernel modifications.,PO
The product must be compatible with multiple BIOS and UEFI systems.,PO
The software must run on hardware with or without GPU acceleration.,PO
The platform shall be operable on both enterprise and consumer devices.,PO
The product shall work across devices with differing firmware architectures.,PO
The software must function with varying hardware security modules.,PO
The platform shall run in geographically distributed environments.,PO
The software must function with multiple desktop environment frameworks.,PO
The platform shall be compatible with devices using adaptive display modes.,PO
The application must run without dependency on specific OS patches.,PO
The system shall support execution in lightweight OS environments.,PO
The product must run equally well on developer and end-user devices.,PO
The system shall operate on Windows XP Professional or later.,PO
The product shall operate with most database management systems (local or remote).,PO
"The product shall integrate with Oracle, DB2, MySQL, or HSQL databases.",PO
"The lead washing process shall use a neutral data format (e.g., XML) for incoming data.",PO
"98% of user workstations shall meet minimum software requirements (IE 5.0, .NET 1.1, IE Web Controls).",PO
"The system shall integrate with database platforms such as Oracle, DB2, MySQL, and HSQL.",PO
The product shall support multiple database management systems whether local or remote.,PO
The same hardware used for the current website shall support the new system.,PO
The washing process shall utilize neutral data formats like XML for data exchange.,PO
The application shall support operation in headless server mode.,PO
The platform shall run effectively in geographically distributed office locations.,PO
The product shall maintain operational compatibility with common desktop configurations.,PO
The application must run in containerized environments like Docker.,PO
The software must work on minimal OS installations.,PO
The product shall be internet browser independent.The product must run using Internet Explorer and Netscape Navigator.,PO
The application must remain functional in hybrid cloud deployments.,PO
The product shall run on existing hardware in all environments.,PO
The product shall run on any operating system supporting the Java runtime.,PO
The system shall be accessible via a web browser over the Internet.,PO
The product shall operate on any OS that supports Java runtime installation.,PO
The product shall be platform-independent and compatible with any development environment.,PO
The product shall run on existing hardware across all operational environments.,PO
The software shall be cross-platform compatible without code changes.,PO
The application must support multi-platform deployment on different operating systems.,PO
The system shall be compatible with various hardware vendors and configurations.,PO
The web product must be accessible from any major browser.,PO
The application shall run on both mobile and desktop devices.,PO
"The software must be installable on Linux, Windows, and Mac OS.",PO
The system shall support deployment in both local and cloud environments.,PO
The platform must allow for seamless installation across different machines.,PO
The application must be able to migrate data without loss of integrity.,PO
The software shall adapt to different network environments and protocols.,PO
The product must be deployable on multiple platform types.,PO
The system must be portable and function from a USB drive.,PO
The application must support virtualization and containerized environments.,PO
The software must run on Docker containers and virtual machines.,PO
The platform shall be operable across different environments.,PO
The product must be transferable to different computing platforms.,PO
The system shall be compatible with various operating systems.,PO
The application must run on Android and iOS mobile operating systems.,PO
The software must be deployable in both on-premise and cloud infrastructures.,PO
The system shall be compatible with both Windows and Mac operating systems.,PO
"The application shall run without modification on Linux, Windows, and macOS.",PO
"The platform shall support interoperability with PostgreSQL, MySQL, and Oracle databases.",PO
The system shall be hardware independent and run on both ARM and x86 architectures.,PO
The application shall operate without changes on different operating systems.,PO
The platform shall support automated installation scripts for multiple environments.,PO
The system shall allow seamless migration from on-premises to cloud deployment.,PO
The application shall be deployable in Docker containers without manual intervention.,PO
The platform shall support virtualization technologies such as VMware and Hyper-V.,PO
The system shall use a neutral architecture that is compatible with multiple OS versions.,PO
"The application shall run in test, staging, and production environments without code changes.",PO
The platform shall require minimal configuration to run in a new environment.,PO
The system shall allow easy migration between cloud providers.,PO
The application shall be compatible with both 32-bit and 64-bit systems.,PO
The platform shall compile and execute successfully on different compiler toolchains.,PO
The system shall support cross-platform deployment from a single code base.,PO
The application shall adapt its configuration automatically to the target environment.,PO
The platform shall ensure compatibility with container orchestration tools such as Kubernetes.,PO
The system shall be deployable in multiple geographic regions without modification.,PO
The application shall run on both physical servers and virtual machines.,PO
The Disputes application must conform to the legal requirements as specified by the Merchant Operating Regulations.,L
All business rules specified in the Disputes System shall be in compliance with the Merchant Operating Regulations.,L
The Disputes application must conform to the legal requirements as specified by Regulation E and Regulation Z that govern credit card disputes processing.,L
All business rules specified in the Disputes System shall be in compliance to the guidelines of Regulation E and Regulation Z.,L
The Disputes application must maintain a detailed history of every action that a user takes on a dispute case.  This ensures a complete audit trail if questions arise later on with regard to a particular dispute case.,L
All actions that modify an existing dispute case must be recorded in the case history.,L
The product must comply with Sarbanes-Oxley.,L
The product shall comply with the estimatics laws relating to recycled parts usage.,L
The product shall comply with insurance regulations regarding claims processing.,L
The System shall meet all applicable accounting standards.  The final version of the System must successfully pass independent audit performed by a certified auditor.,L
IzognMovies shall meet the licensing requirements set forth by the appropriate organizations in order to stream African movies.,L
The website will comply with W3C standards.,L
The PHP code will comply with PEAR standards.,L
The calculations performed by the system must comply according to the norms set by the user and should not vary unless explicitly changed by the user.,L
The client should agree to EULA before using our software.,L
The system shall comply with the General Data Protection Regulation (GDPR) for all EU-based user data.,L
The application must ensure all user data processing adheres to the California Consumer Privacy Act (CCPA).,L
All personal information stored must be encrypted in accordance with HIPAA data privacy rules.,L
"The platform shall require explicit user consent before collecting any personal information, as per GDPR.",L
The system must comply with WCAG 2.1 Level AA accessibility standards.,L
The software shall log all user transactions to ensure compliance with financial audit regulations.,L
The system must provide audit trails that align with Sarbanes-Oxley (SOX) requirements.,L
All user data exported from the application shall comply with international data transfer regulations.,L
The product shall ensure that healthcare data is managed in accordance with HIPAA standards.,L
The website must present an EULA that users must accept before account registration.,L
The application must allow users to access and delete their personal data per GDPR Article 17.,L
All stored data must be processed with user consent to comply with privacy-by-design principles.,L
The software must comply with the Digital Millennium Copyright Act (DMCA).,L
The platform shall require parental consent for users under 13 to comply with COPPA.,L
The system must support annual compliance reporting for audit readiness.,L
All third-party libraries used must comply with open-source licensing terms.,L
The application shall include logging for any data exports to ensure compliance tracking.,L
The system must be capable of generating reports required by the PCI-DSS compliance audits.,L
The application must restrict access to medical records based on HIPAA authorization rules.,L
User location tracking shall be disabled by default to comply with regional privacy laws.,L
Customer-facing forms must include privacy policy acceptance checkboxes.,L
All personal data must be anonymized before being used in analytical processes.,L
The system shall provide a data breach notification feature in line with GDPR Article 33.,L
The software must support record retention policies required by the IRS.,L
The system must be tested annually to confirm continued compliance with ADA standards.,L
The product must comply with anti-money laundering (AML) regulations in financial sectors.,L
The application must record every user login for legal traceability.,L
Each transaction in the system must be timestamped to support legal audit requirements.,L
The application shall enforce regional restrictions to comply with digital content licensing laws.,L
Software updates must not override user privacy settings without explicit consent.,L
All payment processing must comply with Payment Card Industry Data Security Standard (PCI-DSS).,L
The system shall prohibit unauthorized data sharing to remain in compliance with FERPA.,L
The platform must present cookie consent banners in jurisdictions requiring user approval.,L
Data subject access requests (DSARs) must be fulfilled within 30 days as required by GDPR.,L
The system must support export of user data in machine-readable format under GDPR.,L
All database queries affecting personal data must be logged for auditing purposes.,L
The software must comply with the Open Web Application Security Project (OWASP) legal requirements.,L
The system shall store email communication logs for a minimum of five years per industry standards.,L
The application shall comply with national regulations regarding electronic signatures.,L
The product shall comply with copyright laws when using or embedding third-party media.,L
The application must prohibit unauthorized duplication of licensed digital content.,L
The system must support secure login processes in accordance with NIST digital identity guidelines.,L
The application shall restrict access based on user roles to comply with legal access controls.,L
The platform must not store biometric data without user consent.,L
The product must conform to regional copyright licensing laws for audio content streaming.,L
The software shall offer opt-out mechanisms for targeted advertising to comply with CCPA.,L
The application must notify users about changes to the privacy policy before applying updates.,L
The system must be capable of archiving communication data for legal discovery processes.,L
Each user must accept the license agreement upon installation of the software.,L
System logs must be tamper-proof to comply with digital evidence preservation standards.,L
Data retention policies must align with local legal mandates for archival and disposal.,L
The application shall notify users of surveillance and monitoring in accordance with workplace laws.,L
The product shall conform to Section 508 accessibility requirements for federal systems.,L
The software shall support multiple language versions of the privacy policy for legal compliance.,L
The application must not allow export of controlled data to embargoed countries.,L
All data transfers between systems must comply with GDPR cross-border data flow requirements.,L
The application shall allow users to revoke consent for data use at any time.,L
User preferences for data processing must be stored in compliance with GDPR Article 7.,L
System-generated reports must include audit metadata for legal review.,L
The application shall use only legally acquired fonts and typefaces in its interface.,L
The software shall support digital contracts and retain signed copies for legal enforcement.,L
The application must not collect sensitive personal data without explicit purpose and consent.,L
The platform must be capable of redacting sensitive fields in compliance exports.,L
The application must provide logs of any administrative access to personal user data.,L
The software shall display license expiration warnings to administrators in advance.,L
The product must provide accessible documentation that meets WCAG 2.1 standards.,L
The application must automatically deactivate licenses that breach the license agreement.,L
The software shall retain financial transaction history for a minimum of seven years.,L
All system activities related to user data must be logged and stored securely.,L
The application must restrict the use of copyrighted materials to permitted users only.,L
The system must include tools for verifying the authenticity of user-submitted documents.,L
The product shall provide a means for users to contest data held about them under GDPR.,L
User account deletions must be processed fully within the legally mandated period.,L
The application must include legally required disclaimers for user-generated content.,L
The system must not allow permanent deletion of audit logs by unauthorized users.,L
The platform shall restrict data collection to what is necessary for service functionality.,L
All partner integrations must pass compliance validation before system deployment.,L
The software must be capable of locking records from edits once submitted legally.,L
The product must follow region-specific requirements for invoice and billing data.,L
All disclaimers and terms of use must be available in the user’s language of choice.,L
The application must be able to restrict access to copyrighted educational materials.,L
Legal disclaimers must be presented prior to accessing regulated financial tools.,L
The system shall reject any data entry not conforming to legal validation rules.,L
The platform must prevent resale of digital goods unless permitted by law.,L
The application must allow users to opt out of data profiling features.,L
Licensing for third-party modules must be verified and documented.,L
The system shall allow retrieval of archived legal consent forms for auditing.,L
Electronic notices must comply with the Electronic Signatures in Global and National Commerce Act (E-SIGN).,L
User-uploaded content must be screened for copyright infringement where applicable.,L
The product must comply with national labor laws regarding employee monitoring tools.,L
Security features must meet legal standards for storing sensitive authentication credentials.,L
Digital content rights must be enforced through access control and content protection.,L
"Audit trails shall include user, timestamp, and action data for legal traceability.",L
The application shall ensure retention of backup data in accordance with legal timelines.,L
The software must allow regulatory bodies to audit system activity without obstruction.,L
Changes to privacy settings must be logged and timestamped for compliance purposes.,L
Users must acknowledge legal terms before participating in promotional activities.,L
The system must provide legal identification verification features when required by law.,L
All records associated with financial services must comply with jurisdictional requirements.,L
The application must prevent illegal file sharing among users.,L
The product must restrict content availability based on regional licensing rules.,L
Legal notices must be displayed prominently on all user-facing interfaces.,L
The system must comply with GDPR regulations regarding data privacy,L
The platform must store user data in accordance with the CCPA,L
The application shall provide mechanisms to allow users to revoke consent,L
The service shall not retain deleted user data beyond the legal retention period,L
All data transfers must comply with international data protection laws,L
The system shall obtain user consent before processing personal data,L
The system shall provide an audit trail to demonstrate regulatory compliance,L
The platform must support compliance with HIPAA for handling medical data,L
The system must provide data access logs to meet legal audit requirements,L
"The company must notify users within 72 hours of any data breach, as per GDPR",L
The system shall support the right to be forgotten by users,L
All user communications shall comply with CAN-SPAM regulations,L
All advertising must be compliant with FTC guidelines,L
The platform must enforce legal age restrictions for user registration,L
The service must disclose data sharing practices in its privacy policy,L
The application must support data export to enable user data portability,L
The system must not collect more data than necessary (data minimization),L
The platform must implement opt-in mechanisms for marketing emails,L
The service shall log all data accesses for compliance auditing,L
The system must enable users to request corrections to personal data,L
The system must retain financial records for at least 7 years,L
The system shall comply with local labor laws for employee data,L
The system shall include terms and conditions acceptance tracking,L
The company must provide transparent data processing agreements,L
The platform must offer cookie consent options for website visitors,L
The service shall implement content takedown procedures as per DMCA,L
All contracts and service terms must comply with jurisdictional laws,L
The application must support legal holds on user accounts if subpoenaed,L
The platform must document consent for biometric data collection,L
The service must provide legal disclaimers for financial advice,L
The platform must include proper licensing for all third-party libraries,L
The service must comply with accessibility laws like ADA or WCAG,L
The system must allow law enforcement data access under valid warrants,L
The company shall define and publish a code of conduct,L
The service shall display copyright notices where applicable,L
The platform must verify identity for high-risk transactions,L
The application must prevent sale of restricted items per legal lists,L
The company must implement child protection measures per COPPA,L
The system shall notify users of changes to legal terms,L
The platform must provide a contact for data protection inquiries,L
The system must use legally binding e-signature standards,L
The platform shall require age verification for sensitive content,L
The service shall block IPs from embargoed countries,L
The system shall support legal export compliance mechanisms,L
The platform must maintain a register of user consents,L
The system must follow country-specific tax reporting requirements,L
The service must allow users to opt out of profiling,L
The application must obtain guardian consent for minors,L
The system must support data anonymization as per legal mandates,L
The service must adhere to fair use policies for content reuse,L
All user data must be handled in accordance with the General Data Protection Regulation (GDPR).,L
The system must implement consent tracking mechanisms as required by the California Consumer Privacy Act (CCPA).,L
The system shall provide a mechanism to export personal data to comply with data portability regulations.,L
Any data breach must be reported within 72 hours in compliance with GDPR guidelines.,L
The application must not store sensitive payment information unless compliant with PCI DSS standards.,L
All personal health information processed by the system must comply with HIPAA regulations.,L
Accessibility features must comply with the latest WCAG 2.1 Level AA guidelines.,L
"The product must obtain explicit consent before processing biometric data, in line with GDPR requirements.",L
The system shall comply with international copyright regulations for all media content displayed.,L
The software must provide an opt-out mechanism for data collection in jurisdictions requiring it.,L
The platform must retain financial transaction records in accordance with the Sarbanes-Oxley Act.,L
The application must notify users about changes to the privacy policy to meet legal obligations.,L
All data retention policies must align with regional legal mandates such as GDPR and LGPD.,L
Children's data must be handled in compliance with the Children's Online Privacy Protection Act (COPPA).,L
The platform must present the End User License Agreement (EULA) for acceptance upon first use.,L
All third-party APIs used by the software must comply with their respective license agreements.,L
Content uploaded by users must be scanned to prevent distribution of copyrighted material.,L
The system must log all administrative access attempts for audit and legal compliance.,L
The data deletion process must comply with right-to-erasure standards under GDPR.,L
The software must verify age where legally required before granting access to restricted content.,L
All payment processes must adhere to anti-money laundering (AML) regulations.,L
"The system must anonymize data before using it for analytics, in compliance with privacy laws.",L
The application must provide an audit trail for all modifications to financial records.,L
User tracking must be disabled unless explicitly allowed by the user as per ePrivacy regulations.,L
Only licensed encryption libraries must be used for data transmission to comply with legal standards.,L
The system must retain consent records for at least 5 years to fulfill audit requirements.,L
All employees with access to personal data must undergo compliance training annually.,L
The application must comply with local data sovereignty laws when storing user data.,L
Any AI-based decision-making must be explainable and align with current AI legal frameworks.,L
The product must comply with all software export control laws in applicable jurisdictions.,L
The database must log all access to personal data for auditing purposes.,L
The company must maintain documentation of all data processing activities as mandated by GDPR.,L
All customer contracts must be stored securely and comply with contractual obligation laws.,L
Security patches must be applied in a timely manner to meet industry and regulatory standards.,L
The system must allow users to review and modify their consent preferences at any time.,L
All API integrations must comply with data-sharing regulations between organizations.,L
"The system must alert users when their data is shared with third parties, in compliance with legal mandates.",L
The product must comply with the Digital Millennium Copyright Act (DMCA) for content takedown requests.,L
All employee access to the system must be governed by role-based permissions in compliance with SOX.,L
The system must verify software licenses on startup to ensure legal usage.,L
All cloud service providers used must be compliant with ISO/IEC 27001 certification requirements.,L
The application must implement cookie consent banners to comply with ePrivacy Directive.,L
Sensitive user information must be encrypted both in transit and at rest to meet compliance standards.,L
The system must ensure compliance with financial data handling laws such as GLBA.,L
The product must conform to export compliance laws when deployed across borders.,L
Data archiving must adhere to the minimum retention periods specified by legal regulations.,L
"The application must notify affected users in the event of a data breach, as required by law.",L
The product must undergo regular penetration testing as per legal and industry guidelines.,L
All marketing emails sent must include unsubscribe options to comply with CAN-SPAM Act.,L
"User consent must be obtained before collecting geolocation data, in accordance with legal frameworks.",L
The platform must restrict access to licensed content based on geographical copyright laws.,L
The software must comply with whistleblower protection requirements when handling anonymous reports.,L
The organization must maintain a data protection officer (DPO) role to comply with GDPR.,L
All logs related to financial transactions must be immutable and retained for auditing.,L
Personal data must not be transferred to countries lacking adequate legal protection unless covered by binding corporate rules.,L
The software must detect and flag duplicate records to avoid legal issues with billing and documentation.,L
The use of open-source components must comply with their respective licensing terms.,L
Vulnerabilities that could impact compliance must be addressed before product release.,L
"The system must restrict the export of encryption technology to sanctioned countries, in line with ITAR.",L
The application must use accessible UI components to comply with Section 508 requirements.,L
The system shall avoid requiring third-party licenses that incur royalty costs.,L
The platform shall comply with organization-wide technical standards.,L
The application shall log all access to personal data as per privacy regulations.,L
The product shall retain user preferences after a system failure.,FT
Saved user preferences shall be fully restored when the system recovers.,FT
The product shall generate an exception log for all errors to support diagnosis and resolution.,FT
The product and its dependent databases or filesystems shall remain operational when processing malicious data.,FT
The website shall remain functional if the streaming server is unavailable.,FT
The website shall remain functional if the payment gateway is unavailable.,FT
The product shall provide fault tolerance using recovery techniques such as compensatory transactions and failure rerouting.,FT
The system shall restore its previous state after a crash or power loss.,FT
The system shall mark devices that fail to send keep-alive messages as non-operational and reassign their tasks.,FT
The system shall handle large data items without causing failures.,FT
The system shall process all expected and unexpected errors without data loss or extended downtime.,FT
Database backups shall be continuously maintained and updated to reflect the most recent changes.,FT
The system shall accommodate high numbers of items and users without causing failures.,FT
The operational interface shall have a mean time between failures of at least seven days.,FT
The system must preserve user settings even after unexpected shutdowns.,FT
User preferences shall be restored automatically once the system is back online.,FT
The application shall maintain error logs for troubleshooting and repair purposes.,FT
The platform shall stay operational when handling harmful or corrupted input data.,FT
"If the streaming service fails, the website shall still function without interruptions.",FT
"If the payment processor fails, the website shall still complete other operations normally.",FT
The product shall use fallback methods to continue operations during partial failures.,FT
"After a crash or power outage, the system shall reload its prior operational state.",FT
The platform shall detect unresponsive devices and remove them from active tasks.,FT
The application shall process large files without triggering system crashes.,FT
The product shall manage errors in a way that avoids downtime and data corruption.,FT
Backups shall be updated in real time to prevent loss of recent information.,FT
The system shall handle a high volume of users and items without failures.,FT
The operational interface shall operate for a minimum of seven days without failures.,FT
The application shall keep custom configurations intact after a restart caused by failure.,FT
"Upon recovery from a fault, the platform shall reload the last saved session.",FT
The system shall record all detected faults in a dedicated diagnostic log.,FT
The product shall ignore invalid or malicious input without stopping operations.,FT
The service shall remain partially functional when an external API is unavailable.,FT
"If the payment gateway is offline, the website shall process non-payment features.",FT
The platform shall implement transaction compensation to recover from failures.,FT
"After losing power, the application shall resume with the last valid state.",FT
Devices missing heartbeat signals shall be flagged and reassigned.,FT
Large datasets shall be processed without affecting system stability.,FT
The program shall handle all exceptions without causing long service interruptions.,FT
Incremental backups shall reflect all changes made to the database.,FT
The system shall sustain heavy load without malfunction.,FT
The interface shall meet a minimum operational uptime before requiring service.,FT
System settings shall persist through crashes and restarts.,FT
"After recovery, user preferences shall be restored without manual intervention.",FT
Error details shall be stored in a secure fault log for analysis.,FT
Corrupted inputs shall not lead to system downtime.,FT
The website shall degrade gracefully when streaming services fail.,FT
The website shall continue providing core features if payments fail.,FT
Failure recovery shall include alternate transaction flows.,FT
"Upon system restoration, the most recent stable configuration shall be loaded.",FT
Faulty devices shall be isolated from active operations automatically.,FT
Massive data records shall be handled without breakdown.,FT
Unexpected errors shall not cause persistent downtime.,FT
Backups shall be kept synchronized with live data.,FT
The system shall remain stable under peak traffic.,FT
The interface shall maintain fault-free operation for extended periods.,FT
Personalized settings shall survive unexpected reboots.,FT
"Following a system restart, the user environment shall be identical to the pre-failure state.",FT
System logs shall capture the cause of all failures.,FT
Invalid data shall be rejected without halting the process.,FT
"When external streaming resources fail, the platform shall still operate.",FT
"When external payment systems fail, non-payment features shall still run.",FT
Redundant processes shall ensure continuation of service during component failure.,FT
Recovery after outage shall restore the last working state.,FT
Inactive devices shall be unlinked from tasks automatically.,FT
High-volume data processing shall not lead to instability.,FT
Errors shall be managed to avoid loss of service.,FT
Database backups shall reflect the current system state.,FT
High concurrency shall not degrade system performance.,FT
Interfaces shall be operational for a specified minimum period.,FT
User profiles shall remain available after software crashes.,FT
Session restoration shall occur automatically after faults.,FT
The system shall maintain logs of all fault events.,FT
System shall bypass harmful input without disruption.,FT
The service shall keep working if media streaming is down.,FT
The site shall keep core services online if payment fails.,FT
Recovery workflows shall bypass failed components.,FT
"Upon restart, the system shall restore the last stable state.",FT
Faulty network nodes shall be disconnected automatically.,FT
The platform shall process large amounts of data without failure.,FT
Unexpected conditions shall not cause extended outages.,FT
Continuous backups shall maintain all changes.,FT
Peak usage shall not impact fault tolerance.,FT
The system shall guarantee minimum uptime between failures.,FT
Custom configurations shall be preserved despite faults.,FT
"After restart, the platform shall return to its saved state.",FT
Fault logs shall record every error occurrence.,FT
Malicious entries shall be ignored without stopping service.,FT
Loss of streaming shall not affect other features.,FT
Loss of payment gateway shall not halt site operations.,FT
Alternate execution paths shall replace failed ones.,FT
Last valid system state shall be restored after faults.,FT
Disconnected devices shall be flagged automatically.,FT
Bulk data processing shall not break the application.,FT
Error handling shall prevent long-term outages.,FT
Backups shall be updated to reflect the latest transactions.,FT
The system shall handle high traffic without failure.,FT
The user interface shall remain stable for extended durations.,FT
User preferences shall be retained after sudden shutdowns.,FT
System recovery shall reload previous user sessions.,FT
Error events shall be documented for resolution.,FT
Invalid requests shall be processed without failure.,FT
"When streaming services fail, operations shall continue.",FT
"When payment modules fail, other services shall continue.",FT
Component failures shall be bypassed automatically.,FT
System reboot shall restore last stable setup.,FT
Devices missing updates shall be marked inactive.,FT
Processing of large files shall not trigger errors.,FT
Failure management shall prevent downtime.,FT
System backups shall always be current.,FT
The system shall withstand heavy simultaneous usage.,FT
The platform shall remain error-free for the required uptime.,FT
"In case of sudden hardware failure, the system shall resume operations from the last saved state.",FT
"When a critical process crashes, the application must reload with all prior configurations intact.",FT
The system shall preserve session data even if a power outage occurs.,FT
All user preferences must remain stored after an unexpected shutdown.,FT
"During a database fault, the platform shall continue operating with cached data.",FT
"In the event of a memory corruption, the service shall recover using backup snapshots.",FT
"If the file system becomes inaccessible, the system shall switch to a redundant storage.",FT
"If network connectivity is lost, local operations shall continue without disruption.",FT
The product shall continue functioning even when secondary components are offline.,FT
Any failed transaction shall be retried until successfully processed or flagged.,FT
"When server processes fail, alternate nodes shall take over automatically.",FT
The platform shall log all abnormal events for subsequent review.,FT
"In case of an API malfunction, internal services shall remain unaffected.",FT
"If the audio subsystem fails, other functions shall remain operational.",FT
The system shall avoid complete shutdown by isolating failed modules.,FT
"On detecting data corruption, the system shall replace affected files from backup.",FT
"When a scheduled job fails, the system shall reassign it to another process.",FT
The application shall tolerate partial database unavailability without stopping.,FT
"If the rendering engine fails, text-based features shall still be available.",FT
"On disk failure, the system shall switch to a secondary storage automatically.",FT
The service shall reinitialize damaged configurations from safe defaults.,FT
A faulty plugin shall be disabled without affecting core functions.,FT
All critical processes shall have a recovery mechanism.,FT
"If the main thread crashes, a watchdog process shall restart it.",FT
The application shall remain usable despite hardware degradation.,FT
System stability shall be maintained even if certain APIs return invalid responses.,FT
"If the cache is lost, the system shall rebuild it without halting operations.",FT
The platform shall handle service restarts without affecting ongoing sessions.,FT
Corrupted user files shall be quarantined and replaced from backups.,FT
"On detection of infinite loops, the system shall terminate the process and restart.",FT
The application shall manage partial failures without global downtime.,FT
"If GPU acceleration fails, the system shall use CPU rendering automatically.",FT
The platform shall store recovery points during operation.,FT
Lost communication with a component shall trigger automatic rerouting.,FT
The system shall recover from failed updates by restoring the last stable version.,FT
Unexpected kernel panics shall not cause data loss.,FT
The application shall recover missing records from replicated nodes.,FT
"If a sensor fails, its data shall be replaced with estimated values.",FT
"Upon file corruption, the system shall restore from the latest snapshot.",FT
"If log storage is full, older logs shall be archived automatically.",FT
The application shall continue after non-critical thread failures.,FT
"If a distributed service node fails, traffic shall be routed to healthy nodes.",FT
The product shall prevent cascading failures by isolating errors.,FT
All service failures shall be recorded with timestamps.,FT
"If backup restoration fails, the system shall attempt the previous backup.",FT
A failed service component shall restart up to three times before escalation.,FT
The system shall run diagnostic checks after each crash.,FT
"If an application module fails, others shall continue running.",FT
Loss of DNS resolution shall not halt local services.,FT
"If API rate limits are exceeded, retry attempts shall be scheduled.",FT
"On losing configuration files, defaults shall be loaded.",FT
"If an email delivery service fails, messages shall queue until recovery.",FT
"If a faulty update is detected, rollback shall occur automatically.",FT
The platform shall bypass faulty integrations without crashing.,FT
"If the session manager fails, active sessions shall persist in memory.",FT
The system shall prevent restarts during ongoing transactions.,FT
"If a microservice is unavailable, dependent ones shall use cached responses.",FT
Corrupted database tables shall be restored from replicas.,FT
The application shall continue despite graphics driver failure.,FT
"On memory leaks, the system shall reclaim memory automatically.",FT
The system shall reboot autonomously after unrecoverable crashes.,FT
"If a monitoring tool fails, the system shall still log events locally.",FT
Data integrity shall be preserved even after failed writes.,FT
"If a network card fails, the system shall switch to backup hardware.",FT
Service queues shall retry tasks until successful completion.,FT
"When disk space is low, essential operations shall continue.",FT
"If a redundant component fails, the other shall take over instantly.",FT
The product shall suppress non-critical error messages from interrupting users.,FT
"If a logging service fails, logs shall be written locally until recovery.",FT
Partial hardware failures shall not result in full system downtime.,FT
"If the cache service is unavailable, operations shall use the database directly.",FT
Failed login attempts due to server errors shall not lock accounts.,FT
"If a dependency is unavailable, the system shall degrade gracefully.",FT
Failed scheduled tasks shall be retried automatically.,FT
"If a worker process crashes, a new one shall be spawned.",FT
"If session data is missing, default settings shall be loaded.",FT
"When streaming media fails, static content shall remain accessible.",FT
"If the authentication server fails, limited guest access shall be allowed.",FT
A failed database migration shall trigger an automatic rollback.,FT
The application shall maintain state during partial network outages.,FT
"In case of thread deadlock, processes shall be restarted.",FT
"If file locks cannot be acquired, the system shall retry.",FT
"When corrupted configuration is detected, safe defaults shall load.",FT
"If a payment service fails, transactions shall be queued for retry.",FT
"On kernel crash, the system shall restart from the last checkpoint.",FT
"If the reporting service fails, data shall still be collected.",FT
System operations shall continue when a UI component fails.,FT
Loss of primary storage shall trigger use of backup drives.,FT
"In case of queue overflow, oldest tasks shall be discarded.",FT
"If a batch process fails, it shall resume from last completed step.",FT
"If an endpoint is unreachable, alternate routes shall be tried.",FT
The application shall resume operations after abrupt termination.,FT
The application shall not lose unsaved work if the operating system crashes.,FT
"If both primary and secondary servers fail, the system shall operate in a reduced functionality mode.",FT
It is mandatory that the product recover within 5 minutes after a hardware reset.,FT
The system shall store in-progress tasks so they can resume after reboot.,FT
A corrupted firmware update shall be rolled back to the last stable version automatically.,FT
"In the event of simultaneous database and cache failures, the system shall keep read-only access.",FT
"When system time becomes unsynchronized, recovery procedures shall be triggered.",FT
"If the email subsystem fails, queued emails shall persist until service restoration.",FT
"If two redundant disks fail, the system shall maintain operation using hot spares.",FT
The product shall not require manual restart after unexpected kernel panic.,FT
"If user data becomes partially unreadable, recovery tools shall repair it.",FT
"When backup files are missing, the system shall generate a partial recovery.",FT
"If the message broker crashes, unsent messages shall be retained.",FT
The product shall detect and bypass non-critical service errors.,FT
A failed component shall be restarted within 60 seconds.,FT
"If audio output fails, captions shall remain available to the user.",FT
Corrupted configuration entries shall be ignored without stopping services.,FT
"If redundant memory fails, swap space shall be utilized.",FT
The application shall remain stable during processor overheating until shutdown is required.,FT
Any failed read operation shall be retried three times.,FT
Loss of a non-primary network interface shall not affect ongoing operations.,FT
"If a software module fails to load, default stubs shall be executed.",FT
Unexpected power surges shall not corrupt stored data.,FT
"If a virtual machine crashes, it shall auto-restart with preserved state.",FT
The system shall survive a sudden disconnection of peripheral devices.,FT
A failed external API shall not crash dependent features.,FT
"If database replication fails, primary shall continue serving requests.",FT
The application shall prevent deadlocks by monitoring thread states.,FT
"Partial hardware failure shall trigger service degradation, not termination.",FT
The system shall auto-repair damaged indexes.,FT
"If the reporting engine fails, raw data shall still be exportable.",FT
"If GPS data becomes unavailable, last known location shall be used.",FT
"When update scripts fail, the system shall revert without downtime.",FT
All process crashes shall be logged with cause analysis.,FT
"If the encryption service fails, the system shall store data securely offline.",FT
"If storage devices disconnect unexpectedly, data shall be saved locally.",FT
The application shall recover from temporary access violations.,FT
"If the system fails to load assets, placeholders shall be displayed.",FT
"If a sensor reports invalid data, it shall be ignored and replaced with estimates.",FT
"When monitoring service fails, internal alerts shall still function.",FT
"If a print service fails, jobs shall be queued until recovery.",FT
Failed database connections shall be retried with exponential backoff.,FT
"If an application service stops responding, it shall be restarted automatically.",FT
Loss of internet shall not cancel ongoing local transactions.,FT
"If the media encoder fails, files shall be stored in raw format.",FT
"If power restoration is delayed, the system shall maintain battery-backed memory.",FT
"If a DNS lookup fails, cached addresses shall be used.",FT
"If an authentication server fails, cached credentials shall allow temporary access.",FT
"If the session timeout is reached due to server failure, it shall be extended.",FT
"In case of dual network path failure, local mode shall be enabled.",FT
"If the event log service fails, events shall be stored in memory until flush.",FT
The system shall handle simultaneous failures of two microservices.,FT
"If the watchdog process fails, a secondary watchdog shall take over.",FT
"When a backup process fails mid-way, partial backups shall be usable.",FT
Corrupted temporary files shall be deleted without affecting active processes.,FT
"If synchronization fails, the last valid dataset shall be kept.",FT
"If the scheduler fails, manual task execution shall still be possible.",FT
"If video playback fails, the player shall switch to audio-only mode.",FT
"If backup verification fails, the last verified backup shall be restored.",FT
"If the local cache becomes full, least-used data shall be purged.",FT
"If the cluster leader fails, a new leader shall be elected automatically.",FT
"If an I/O error occurs, retries shall be attempted before failure.",FT
"If the queue processor fails, tasks shall be serialized to disk.",FT
A failed transaction batch shall resume from the last successful operation.,FT
"If auto-save fails, the user shall be prompted to save manually.",FT
"When a driver crashes, a generic driver shall be loaded.",FT
"If the GPU overheats, rendering shall fall back to software.",FT
"If an API request fails, it shall be retried with alternate parameters.",FT
"If partial file download fails, it shall resume from the last byte.",FT
"If the firewall fails, basic packet filtering shall remain.",FT
"If the local time is incorrect, a secondary time source shall be used.",FT
The system shall recover from corrupted registry entries.,FT
"If the SSL handshake fails, unencrypted communication shall be attempted only if permitted.",FT
"If a hardware watchdog fails, software timers shall replace it.",FT
"If an integration service fails, the main application shall still load.",FT
"If the search index becomes corrupted, it shall rebuild in the background.",FT
"If two redundant power supplies fail, minimal safe operation shall continue.",FT
"If a cluster node is unresponsive, it shall be removed from rotation.",FT
The system shall keep functioning during unexpected configuration reloads.,FT
"If the service discovery fails, static endpoints shall be used.",FT
"If the notification system fails, pending notifications shall be stored.",FT
"If the disk array rebuild fails, it shall retry automatically.",FT
"If the virtualization host fails, guests shall be restarted elsewhere.",FT
"If log rotation fails, logs shall append to the existing file.",FT
"When a migration fails, no data shall be lost.",FT
"If license verification fails, the system shall operate in grace mode.",FT
"If a failover test fails, normal operation shall continue.",FT
"If audit logging fails, core operations shall proceed.",FT
"If the scheduler misses a task due to downtime, it shall execute on startup.",FT
"If automatic recovery fails, an alert shall be generated.",FT
"If the load balancer fails, clients shall connect to backup endpoints.",FT
"If a checksum verification fails, the file shall be redownloaded.",FT
"If the failover database is outdated, it shall still serve read requests.",FT
"If disk defragmentation fails, the system shall remain usable.",FT
"If background indexing fails, user queries shall use existing indexes.",FT
The application shall remain functional when primary DNS services are unavailable.,FT
The platform shall maintain function during graphics driver updates.,FT
The system shall auto-restart after unexpected shutdowns without data loss.,FT
The product shall keep operating after hardware overclock settings are reset.,FT
The application shall automatically restart services that crash unexpectedly.,FT
The product shall be able to support multiple remote users,SC
The product shall be able support 1000 simultaneous users.,SC
The product shall be capable of handling the existing 1000 users. This number is expected to grow 5 times within the next year.,SC
system shall be able to handle all of the user requests/usage during business hours.,SC
The system shall cater to 10 simultaneous users from 9am to 5pm.,SC
The system shall be capable of processing 100% of nursing students and their classes for the next 10 years.,SC
The product shall be able to handle up to 1500 simultaneous users. The system shall perform with 1500 users as a time.,SC
The average number of recycled parts records per day shall be 50 000.,SC
The product shall be able to handle 10 000 concurrent users within 2 years of the initial launch.,SC
The product shall be capable of handling up to 1 000 concurrent requests.  This number will increase to 2 000 by Release 2.  The concurrency capacity must be able to handle peak scheduling times such as early morning and late afternoon hours.,SC
The product shall be able to process 10 000 transactions per hour within two years of its launch.  This number will increase to 20 000 by Release 2.,SC
The product shall be expected to operate for at least 5 years for each customer installation.,SC
The language of the product shall accommodate all of the target market countries. 90% of survey respondents from each target market country will find that the language of the product is acceptable.,SC
The streaming server will support 50 simultaneous streaming connections.,SC
The streaming server will support a maximum of 700 movies; new servers can be added to support more movies.,SC
The server will support a maximum of 1 000 simultaneous users.,SC
The website shall be capable of supporting 100 000 customers.,SC
The product shall be able to process all transactions.The product shall process minimum of 1 million transactions per year.,SC
The WCS system shall have the ability to connect other designated WCS databases currently not included in the system.,SC
The WCS system shall have the ability to include data for regions outside the United States and be accessed by users outside of the United States if approved by CCR management.,SC
The system should be able to scale up to 500 concurrent users (if there is a need in the future) by installing additional hardware components.,SC
The system shall support up to 2000 concurrent users during peak hours,SC
The product shall scale to accommodate a 300% increase in transaction volume over five years,SC
The system shall be designed to handle 1 million data entries per day,SC
The application shall allow the addition of database replicas to increase throughput,SC
The system shall maintain performance with up to 100 000 connected devices,SC
The platform shall support the onboarding of 500 new users per week,SC
The product shall be able to manage a tenfold increase in customer records,SC
The architecture shall allow horizontal scaling for API servers,SC
The system shall store up to 5 TB of user-generated content,SC
The software shall be capable of handling a 50% increase in usage year over year,SC
The product shall process at least 20 000 concurrent payment transactions,SC
The application shall support dynamic resource allocation to scale with user demand,SC
The system shall allow seamless integration of additional processing nodes,SC
The product shall be optimized to support 100 new concurrent users per hour,SC
The system shall remain responsive with a 400% increase in traffic,SC
The application shall manage a growing dataset of up to 50 million records,SC
The platform shall handle traffic from international markets without performance degradation,SC
The system shall support autoscaling under Kubernetes orchestration,SC
The software shall handle up to 10 000 simultaneous downloads,SC
The database shall be partitioned to handle increasing data volumes,SC
The product shall maintain latency under 100ms with up to 5000 active users,SC
The system shall scale to serve 250 clients per second,SC
The application shall accommodate 100 000 registered users within two years,SC
The backend shall support microservice-based scaling of compute-intensive modules,SC
The system shall efficiently scale for data analytics over large datasets,SC
The solution shall enable batch processing of 1 million records per hour,SC
The software shall support deployment on clustered environments for scalability,SC
The system shall sustain a 10x increase in API calls during special events,SC
The database engine shall support sharding for growing datasets,SC
The product shall process all orders even under a 500% sales spike,SC
The application shall allow hot-swapping of servers to increase capacity,SC
The system shall automatically scale storage with increased user uploads,SC
The product shall support seamless failover across multiple scalable zones,SC
The platform shall scale linearly with each added node,SC
The system shall be able to support concurrent use by 10 000 students,SC
The application shall ingest and store 100 GB of logs daily,SC
The product shall manage 1 million document submissions per month,SC
The backend shall be prepared to scale for seasonal demand increases,SC
The system shall support up to 250 000 social interactions per day,SC
The application shall serve content to 100 000 mobile users,SC
The product shall maintain acceptable performance with growing IoT traffic,SC
The system shall be designed for multi-tenant scalability,SC
The platform shall allow adding memory resources without downtime,SC
The product shall scale to meet global expansion without re-architecture,SC
The application shall process over 500 GB of video data per day,SC
The software shall enable resource elasticity under container orchestration,SC
The database shall scale to maintain performance with a 2 TB growth per month,SC
The system shall support processing of 10 million financial transactions monthly,SC
The product shall allow easy integration of high-throughput messaging systems,SC
The backend shall support processing peaks during daily sync operations,SC
The application shall accommodate the growth of metadata by 300% annually,SC
The platform shall be architected for future scalability to 50 regions,SC
The product shall be designed for event-driven scalability,SC
The system shall manage 1 million sensor inputs without degradation,SC
The product shall accommodate 200 new business clients per month,SC
The system shall allow workload balancing over distributed resources,SC
The backend shall handle 10x more users within five years,SC
The software shall support growth to 20 million user sessions per day,SC
The system shall ensure scalability through modular service decomposition,SC
The product shall ingest 500 000 telemetry data points per hour,SC
The application shall process and archive large-scale multimedia files,SC
The system shall dynamically scale web servers during promotions,SC
The database shall support indexing for 1 billion records,SC
The product shall scale efficiently across multiple cloud regions,SC
The system shall remain performant with an exponential user base,SC
The platform shall support future integration of scalable AI models,SC
The software shall be prepared to scale during organizational mergers,SC
The system shall support dynamic user provisioning for partner platforms,SC
The system shall adapt to a doubling of usage every six months,SC
The product shall maintain integrity while scaling data pipelines,SC
The architecture shall support scalability through service discovery,SC
The backend shall maintain availability with a 200% rise in traffic,SC
The system shall support high-throughput writes from distributed clients,SC
The product shall scale to support 1 million active devices,SC
The database shall scale linearly with columnar data growth,SC
The software shall be capable of ingesting 2 TB of raw data per day,SC
The product shall accommodate large datasets in real-time analytics,SC
The application shall support a 20-fold increase in machine data,SC
The platform shall handle burst workloads without downtime,SC
The product shall integrate elastic caches to improve scalability,SC
The system shall handle millions of user messages per day,SC
The software shall support the growth of user profiles to 5 million entries,SC
The product shall maintain SLA under scaling to new regions,SC
The platform shall allow dynamic scaling of the AI inference engine,SC
The system shall accommodate data synchronization across 30 branches,SC
The database shall replicate across nodes to increase read scalability,SC
The software shall operate under hybrid cloud for scalability,SC
The backend shall scale compute power as demand increases,SC
The application shall perform with 10x more real-time connections,SC
The system shall allow scaling of background job queues,SC
The software shall maintain throughput under increased storage loads,SC
The system shall handle a 3x surge in concurrent edits,SC
The product shall scale indexing operations as data grows,SC
The application shall accommodate growing image upload rates,SC
The system shall expand capacity through service containerization,SC
The backend shall allow scaling of notification services,SC
The system shall be scalable for unpredictable usage patterns,SC
The platform shall ensure rapid provisioning of compute resources,SC
The system shall scale logging capacity by 200% annually,SC
The product shall automatically scale to meet forecasted data trends,SC
The application shall support regional scaling based on user distribution,SC
The system shall handle simultaneous access from 500 institutions,SC
The platform shall support continuous scaling under agile deployment,SC
The product shall remain functional under massive concurrent data writes,SC
The backend shall scale based on query complexity and load,SC
"The system shall be capable of supporting 10,000 concurrent logins without performance degradation.",SC
The product shall scale to accommodate 1 TB of new data monthly for five consecutive years.,SC
The application shall support an increase of 25% in concurrent users each quarter.,SC
The system shall be designed to scale linearly with an increase in customer base.,SC
The database shall be able to store up to 100 million records without performance loss.,SC
The product shall allow for horizontal scaling of web servers during peak traffic.,SC
The platform shall maintain response time below 2 seconds as data volume grows by 500 GB per year.,SC
"The system shall support 1,200 new user registrations per hour.",SC
"The product shall be capable of processing 500,000 transactions daily without requiring downtime.",SC
The system shall automatically provision additional compute resources when CPU usage exceeds 80%.,SC
"The application shall handle up to 5,000 form submissions per minute.",SC
The system shall be able to ingest and process 2 TB of sensor data per week.,SC
The application shall remain functional as the user base grows to 5 million users.,SC
The system shall support dynamic scaling of services based on workload demands.,SC
"The product shall handle up to 10,000 API calls per second during business hours.",SC
The system shall retain operational efficiency with a tenfold increase in data traffic.,SC
The system shall support vertical scaling of database nodes to accommodate peak periods.,SC
The system shall be capable of scaling storage to 10 PB without re-architecture.,SC
The platform shall allow the addition of up to 100 application servers as needed.,SC
The system shall scale to support international expansion across five regions.,SC
The application shall be able to support a 300% increase in concurrent student users.,SC
"The platform shall process 200,000 concurrent chat messages without failure.",SC
The system shall support automated scaling of microservices in response to usage spikes.,SC
The application shall be designed to support double its current user base every six months.,SC
The application shall be capable of storing 1 billion records by the end of year four.,SC
The system shall support an increase in transaction volume by 40% annually.,SC
"The platform shall scale up to 25,000 daily orders without bottlenecks.",SC
The system shall allow real-time analytics on datasets exceeding 2 TB.,SC
"The application shall maintain sub-second response times for up to 2,000 concurrent users.",SC
The product shall support replication to multiple regions for distributed scalability.,SC
The system shall process up to 20 million queries per day.,SC
The platform shall scale vertically and horizontally to support system expansion.,SC
The product shall support a fivefold increase in video content uploads.,SC
The application shall scale its cache infrastructure to maintain performance at peak usage.,SC
"The system shall support 10,000 print jobs per hour during exam periods.",SC
The application shall allow the onboarding of 500 new customers daily.,SC
The system shall be able to operate with 15 concurrent data ingestion pipelines.,SC
"The platform shall support growth to 10,000 concurrent training sessions.",SC
The system shall allow the dynamic addition of memory to meet demand surges.,SC
"The system shall be capable of scaling to 10,000 concurrent video streams.",SC
The system shall allow batch import of 100 million records with minimal downtime.,SC
The product shall maintain functionality as its workload increases fivefold.,SC
The application shall maintain availability as storage requirements exceed 50 TB.,SC
"The system shall support elasticity across compute, memory, and network resources.",SC
The platform shall handle simultaneous access by 300 departments across the organization.,SC
The system shall be designed to operate with 10 years of projected data growth.,SC
The system shall support a doubling of peak users every fiscal year.,SC
The system shall automatically balance workload across all available nodes.,SC
The application shall allow growth in supported locations from 10 to 100 cities.,SC
"The platform shall support 1,000 concurrent real-time video consultations.",SC
The system shall maintain stability with a 4x increase in data import volume.,SC
The system shall allow up to 500 concurrent file uploads of 2 GB each.,SC
The application shall process up to 300 MB/s of continuous data streaming.,SC
"The system shall permit up to 10,000 concurrent product searches.",SC
The system shall support event-based scaling with near-zero latency.,SC
The application shall allow seamless migration to a higher capacity environment.,SC
The system shall support storage expansion without service interruption.,SC
The product shall be able to aggregate data from 1 million IoT devices daily.,SC
The application shall support sharding to distribute load across multiple databases.,SC
The platform shall support containerized scaling with Kubernetes orchestration.,SC
"The system shall support up to 5,000 new project creations per day.",SC
The application shall remain performant under increasing API consumption.,SC
The product shall scale to accommodate additional modules as needed.,SC
The system shall support simultaneous data processing across 10 clusters.,SC
The application shall maintain 95% uptime during seasonal user surges.,SC
The system shall support the addition of new services without downtime.,SC
The platform shall allow concurrent processing of 50 batch jobs.,SC
The application shall be deployable to multi-region cloud infrastructure.,SC
The system shall enable automatic queuing and scaling for high-demand operations.,SC
"The platform shall support concurrent downloads of large datasets by up to 1,000 users.",SC
The system shall allow for distributed caching to handle repeated access.,SC
The application shall support 500 scheduled tasks running in parallel.,SC
The product shall be built to support increasing video resolution standards.,SC
The system shall handle 100x data growth without performance compromise.,SC
The platform shall support continuous scaling of backend services during data spikes.,SC
"The system shall support up to 10,000 push notifications per minute.",SC
The product shall allow system partitioning to scale independently.,SC
"The system shall maintain performance as the number of tenants increases to 2,000.",SC
The application shall support up to 200 simultaneous content uploads.,SC
The platform shall accommodate real-time updates to a million data points.,SC
"The system shall handle event bursts of 500,000 records in under 10 minutes.",SC
The product shall support dynamically increasing memory allocation per session.,SC
The application shall be designed to support modular growth patterns.,SC
The system shall provide API rate limiting for scalable load handling.,SC
The product shall support an annual growth rate of 300% in storage needs.,SC
"The system shall process 250,000 monthly invoices with 10% annual increase.",SC
The application shall scale to match national user base expansion goals.,SC
The system shall support multitenant environments with isolated scaling.,SC
The product shall allow the queue depth to grow without data loss.,SC
"The system shall maintain latency under 100 ms with 1,000 concurrent threads.",SC
The application shall adapt resource usage based on historical usage trends.,SC
The system shall support geographical scaling for global service delivery.,SC
"The system shall handle user base growth from 50,000 to 500,000 within 3 years.",SC
The platform shall maintain high availability as workload triples during tax season.,SC
The product must be designed using Design Patterns and coding best practices.  90% of maintenance software developers are able to integrate new functionality into the product with 2 working days.,MN
The product must be highly configurable for use with various database management systems for the end users.  80% of end users are able to integrate new database management systems with the product without changing the product\92s software code.,MN
Maintenance releases will be offered to customers once a year.  The releases shall take no longer than 5 minutes for 80% of the customer base to install.,MN
The product shall be expected to operate within the maximum maintenance budget for a minimum of 2 years.,MN
Promotional updates to the website should take a day to update.,MN
Washing parameters will be updated during scheduled maintenance hours.,MN
The product shall be updated on a regular basis.The product will have a new major feature introduced every six months and quarterly maintenance releases every six months.,MN
The product shall operate with every platform.The product shall accommodate any new technology without any change in its architecture.,MN
All changes  updates  and additions to the WCS system shall be updated in the WCS Developer and WCS User Guides. Every change must be reflected in WCS system documentation,MN
Application updates shall occur between 3AM and 6 AM CST on Wednesday morning during the middle of the NFL season.,MN
New System version releases shall be released at the beginning of each NFL season.,MN
"The RFS system must support the annual update of revenue and expense formulas. This maintenance process, which includes the formula modifications and a two-week joint testing period, must be completed within three weeks before the start of the annual budgeting process.",MN
New branches/complexes/districts/regions and revenue/expense accounts added to the BDW  must be reflected in the RFS system. 100% of the entities (mentioned above) available as of October month-end  will be loaded into the RFS system  prior to the budget start process.,MN
Changes made to the Manage My ID website can be adopted without altering the iOS application.,MN
The application should be easy to extend. The code should be written in a way that it favors implementation of new functions.,MN
Test environments should be built for the application to allow testing of the applications different functions.,MN
Detailed documentation of the code and SRS will enable easy maintenance of the Flea Market.,MN
All source code and development related documents shall be controlled under a version control system.,MN
All source code shall adhere to an agreed upon and well-defined set of coding standards for each development language used.,MN
The system should be easy enough to maintain that someone else could do it with a manual and a few hours training.,MN
The system shall allow modules to be replaced without impacting other components,MN
All configuration files must be human-readable and editable without recompilation,MN
The software shall separate logic and presentation layers to ease future changes,MN
Components shall be loosely coupled to facilitate replacement and modification,MN
Updates to the system must not require more than 10 minutes of downtime,MN
Source code must be commented sufficiently to explain non-obvious logic,MN
The system shall provide automated tests for all critical components,MN
The product must support hot-swapping of modules where possible,MN
All changes to the system shall be versioned and traceable,MN
The application must support continuous integration pipelines,MN
Modules shall use dependency injection to facilitate replacement,MN
Developers shall be able to build the system from source in under 10 minutes,MN
The application shall include built-in diagnostics for troubleshooting,MN
"Documentation shall include setup, maintenance, and troubleshooting procedures",MN
The software must separate configuration from code logic,MN
Patch releases shall be deployable without requiring full system restarts,MN
Code refactoring should not impact existing functionality,MN
The system should be modular enough to allow partial upgrades,MN
The system shall support rollback to previous stable versions,MN
All software modules must follow a consistent naming convention,MN
The system should provide tools to monitor internal component health,MN
The application must not require manual intervention after deployment,MN
System updates shall not overwrite local configuration files,MN
The codebase should be navigable with automated tools for analysis,MN
Design decisions must be documented for future reference,MN
Each module shall define its dependencies explicitly,MN
The software should be adaptable to different operating systems with minimal effort,MN
The application shall support isolated testing of modules,MN
Unit test coverage shall exceed 80% for all critical modules,MN
System logs shall include timestamps and severity levels,MN
The system shall notify administrators of deprecated features,MN
All third-party libraries shall be documented with their versions,MN
Changes to the data model shall be backward-compatible where feasible,MN
The product shall expose internal metrics for maintenance analysis,MN
All APIs shall follow consistent versioning strategies,MN
The system shall allow changing logging levels at runtime,MN
Critical system components shall be monitored by watchdog processes,MN
The system shall maintain a changelog accessible to developers,MN
Database schema changes shall be scripted and reversible,MN
Developers must be able to reproduce production issues in staging environments,MN
All interfaces must follow a documented API specification,MN
Obsolete features shall be clearly marked and isolated,MN
The application must include an administrative dashboard for maintenance,MN
Software installation scripts shall support dry-run mode for verification,MN
All code must pass linting checks before being committed,MN
New developers must be able to onboard in under two days using provided materials,MN
The software must allow configuration reloads without restarting,MN
The system shall support graceful shutdowns during updates,MN
Error messages must be actionable and include remediation suggestions,MN
The application must maintain backward compatibility for APIs for two major versions,MN
Maintenance procedures shall be tested before each release,MN
System logs shall be stored in a format suitable for automated parsing,MN
All known issues must be tracked and publicly documented,MN
The product must support simulated upgrades in a staging environment,MN
Scripts and tools used for maintenance must be version controlled,MN
System performance metrics shall be exported via a standard protocol,MN
The application must validate configurations on startup,MN
Modules shall declare support lifecycle in their documentation,MN
The software shall support configuration via environment variables,MN
Changes in configuration must take effect without requiring a reboot,MN
The system shall automatically verify dependencies on startup,MN
All software builds must be reproducible from source,MN
Each software release shall include a regression test report,MN
The application shall expose health-check endpoints,MN
Software upgrades shall not require manual schema migrations,MN
The system shall allow developers to run it in a sandboxed mode,MN
Maintenance personnel must be able to run diagnostics from a command-line interface,MN
The source code repository must include a CONTRIBUTING file,MN
The product must maintain consistency between documentation and implementation,MN
The application must allow multiple versions of a module to coexist during transition,MN
The codebase must be compatible with automated code analysis tools,MN
Documentation updates must be part of the definition of done for each change,MN
The system shall support in-place upgrades for minimal disruption,MN
Scripts for maintenance tasks must be idempotent,MN
All modules must include a README with purpose and usage instructions,MN
Developers must be able to mock external dependencies during testing,MN
The software must expose internal states for debugging,MN
Legacy code must be clearly marked and isolated from active modules,MN
The system shall log system errors with sufficient context for debugging,MN
Configuration files must validate against a defined schema,MN
Build scripts must work identically on Windows and Linux environments,MN
All exceptions must be handled gracefully with meaningful logs,MN
The software shall provide automated rollback on failed deployments,MN
Components must fail independently without affecting the entire system,MN
The system shall support dynamic component reloading,MN
The system must provide tools to verify data integrity after upgrades,MN
Automated testing shall include edge cases and failure scenarios,MN
Developers must be able to identify the owner of each module,MN
Software licenses for dependencies must be tracked,MN
The codebase shall avoid hardcoded values,MN
All deployments must be tagged with a unique version identifier,MN
The product shall provide migration guides for deprecated features,MN
Code must be organized according to established architectural layers,MN
All APIs must include usage examples in the documentation,MN
The system shall support feature toggling for gradual rollouts,MN
System-level changes shall be traceable to individual commits,MN
The software shall include scripts to simulate user behavior for testing,MN
The system must alert administrators of long-running maintenance tasks,MN
Data migration scripts must be tested on production-like datasets,MN
Logs must distinguish between user errors and system errors,MN
Modules shall not depend on undocumented behavior of other components,MN
All build artifacts must be stored in a central repository,MN
Rollback procedures must be documented and testable,MN
The system must support dependency upgrades with minimal refactoring,MN
Performance degradation after changes must be measurable,MN
Developers must be able to revert a deployment within 5 minutes,MN
The system must include internal APIs for maintenance tools,MN
The application must generate a maintenance report after each upgrade,MN
Version information must be embedded in the software binary,MN
Third-party components must be upgradeable independently,MN
The application must run in debug mode for detailed trace analysis,MN
Critical components must be unit-tested with mocks and stubs,MN
Release notes must include a list of modified modules,MN
Hotfixes must not skip the review and testing process,MN
The product must include a compatibility matrix for all environments,MN
Code changes must undergo peer review before merging,MN
Maintenance operations must be executable via API,MN
Administrative interfaces must not expose sensitive system internals,MN
The system shall isolate user-specific configuration,MN
Each service shall maintain its own health and status independently,MN
The system shall provide meaningful metrics to evaluate technical debt,MN
Codebase size must be monitored to prevent unnecessary complexity,MN
Modules must expose a standard interface for diagnostics,MN
Maintenance scripts must log all actions taken during execution,MN
System configuration shall be stored in a centralized location,MN
All build dependencies must be declared in the build configuration file,MN
The system must provide sandbox environments for testing fixes,MN
The source code shall be modular to facilitate localized updates and debugging.,MN
The system shall provide clear separation between business logic and UI components.,MN
All configuration files shall be externalized and editable without recompiling.,MN
The software shall allow for feature toggling via configuration.,MN
All classes and methods shall include descriptive inline comments.,MN
The product shall support automated regression testing.,MN
The application shall be compatible with common IDEs and debugging tools.,MN
Code shall be organized in layers to support loose coupling.,MN
All changes to the system shall be traceable through a version control system.,MN
The system shall use dependency injection to facilitate code maintainability.,MN
The codebase shall be written to minimize cyclomatic complexity.,MN
The product shall include unit tests for all core functionalities.,MN
New developers shall be able to set up a local development environment in under 30 minutes.,MN
Build scripts shall support automated packaging and deployment.,MN
The system shall provide API versioning to maintain backward compatibility.,MN
Configuration changes shall not require a system restart.,MN
All changes to the code shall be peer reviewed before merging.,MN
The product shall provide a changelog for each release.,MN
The documentation shall be updated with each software iteration.,MN
Deprecated modules shall be clearly marked and documented.,MN
The product shall use a standard logging framework.,MN
The system shall expose health check endpoints for diagnostics.,MN
The build process shall validate coding standards automatically.,MN
Modules shall be designed to minimize interdependencies.,MN
The software shall be written using a language with long-term support.,MN
Developers shall receive coding guidelines before contributing.,MN
The product shall include integration tests for external dependencies.,MN
A test coverage report shall be generated on every build.,MN
System modules shall be independently deployable.,MN
The product shall avoid hardcoded values in the codebase.,MN
All database schema changes shall be version-controlled.,MN
The software shall include dependency management tools.,MN
A README file shall be included in each module.,MN
Refactoring activities shall not impact external interfaces.,MN
The source code shall be documented using industry-standard tools.,MN
Third-party libraries shall be kept up to date.,MN
All configuration options shall be described in the documentation.,MN
The system shall support dynamic module loading.,MN
Database connections shall be abstracted for easy replacement.,MN
All scripts shall include headers describing purpose and usage.,MN
The system shall include a maintenance mode for planned downtime.,MN
The product shall use stable and widely adopted frameworks.,MN
The application shall support hotfixes without full redeployment.,MN
The documentation shall include code samples for key APIs.,MN
The software shall include a deprecation policy for old features.,MN
The application shall use consistent naming conventions.,MN
Each component shall define its input/output contract clearly.,MN
System behavior shall remain stable under small code changes.,MN
All changes shall be linked to an issue in the tracking system.,MN
Rollback procedures shall be documented for major changes.,MN
The software shall support mocking of external services.,MN
Versioning policies shall be applied to configuration files.,MN
Critical paths in the code shall be documented thoroughly.,MN
A CI pipeline shall validate the build before deployment.,MN
Test data sets shall be included with the source code.,MN
The product shall support automated linting.,MN
Installation and upgrade guides shall be kept up to date.,MN
All known issues shall be logged and accessible to maintainers.,MN
The product shall include database migration scripts.,MN
A unified logging format shall be used across components.,MN
All APIs shall be described in an OpenAPI specification.,MN
The software shall support runtime configuration validation.,MN
The application shall track system dependencies and versions.,MN
A style guide shall govern UI design for maintainability.,MN
Key performance indicators shall be monitored continuously.,MN
The codebase shall support test-driven development practices.,MN
The product shall follow corporate architecture guidelines.,MN
The system shall be expected to manage the nursing program curriculum and class/clinical scheduling for a minimum of 5 years.,MN
The product shall be available during normal business hours. As long as the user has access to the client PC  the system will be available 99% of the time during the first six months of operation.,A
The product shall be available for use 24 hours per day 365 days  per year,A
Out of 1000 accesses to the system the system is available 999 times.,A
The system shall be available for use between the hours of 8am and 6pm.,A
The system shall achieve 95% up time.,A
The product shall adhere to the corporate online availability schedule.  The application is brought down only within 98% of the scheduled outages per the availability schedule.,A
The product shall achieve a 98% uptime. The product shall not fail more than 2% of the available online time.,A
Aside from server failure  the software product shall achieve 99.99% up time.,A
The website shall be available for use 24 hours per day  365 days per year.,A
The website shall achieve 99.5% up time.,A
All movies shall be streamed on demand  at any time of the day.,A
The system will provide a 24 hour 800 toll free number for support to its customers.,A
Velkat staff will be available for phone support between 7am-7pm  M-F to provide technical support to the Izogn administrators.,A
Defect reports will be available to technical units on a 24x7 basis.,A
The product shall be available 24 hours per day  seven days per week.,A
The system shall have high availability every day of the year.The system must be available for use between 12:00AM and 6:00PM all days of the year.,A
The system must be available for use between 7:00AM and 11:59PM all days of the year.,A
The product shall be available 99% of the time. Rationale: To avoid service interruption during busiest customer service response periods. The product shall be available 99.99% of the time for regular business days.,A
The WCS system shall be available at all times as long as IBM\92s internal intranet W3 is accessible. The WCS system will be available 95% of the time IBM\92s internal intranet W3 is available.,A
The application shall have a downtime of at most 10 minutes per year.,A
The RFS system should be available 24/7  especially during the budgeting period. The RFS system shall be available 90% of the time all year  and 98% during the budgeting period.,A
All the functions of the system must be available to the user every time the system is turned on.,A
Programmers and application developers will have access to source code to address bugs or system enhancements as deemed necessary. Network Administrator and DBA support is also required to maintain a 24x7 system uptime.,A
The website is available whenever the users want to use it.,A
The system shall be available 99.5% of the time.,A
The software is available for use from the supermarket opening time to the closing time.,A
The system shall provide a contractual agreement with an internet service provider for T3 access with 99.9999% availability.,A
The system shall provide a contractual agreement with an internet service provider who can provide 99.999% availability through their network facilities onto the internet.,A
The MTBF (if any) should not be less than 2 months.,A
The system shall maintain an availability level of 99.95% during business-critical hours.,A
The product shall be accessible 24/7 except during scheduled maintenance periods not exceeding 2 hours per month.,A
The application must not experience more than 5 hours of total unplanned downtime annually.,A
The system shall have a Mean Time Between Failures (MTBF) of at least 2500 hours.,A
The application shall recover from crashes within 5 minutes to ensure service continuity.,A
The product shall be operational and accessible during peak traffic hours with 99.9% availability.,A
The application shall provide high-availability features to prevent single points of failure.,A
The system must support seamless failover to a backup server within 30 seconds of a failure.,A
The service shall be available with 99.999% uptime guaranteed through redundancy mechanisms.,A
The product shall ensure access during all official working hours across supported time zones.,A
The application must be hosted on a fault-tolerant infrastructure to minimize unavailability.,A
The system shall be accessible by users at all times except for predefined maintenance windows.,A
The system shall maintain uninterrupted service during data backups and updates.,A
The system shall notify administrators of any availability issues within 1 minute of detection.,A
The product shall offer support for load balancing to distribute requests and enhance uptime.,A
The application must provide SLA compliance reporting for monthly availability metrics.,A
The system shall automatically reroute traffic to healthy nodes when availability drops.,A
The system shall limit downtime due to infrastructure failure to less than 15 minutes per month.,A
The application shall ensure 99.8% uptime for services accessed by third-party applications.,A
The system shall monitor availability metrics in real-time to detect service degradation.,A
The application shall be accessible to users from any location with minimal latency and no downtime.,A
The product shall maintain 24/7 uptime with proactive monitoring and alerting mechanisms.,A
The system shall include automated rollback in case of failed deployments to ensure uptime.,A
The system must support hot-swapping of components without affecting service availability.,A
The application shall achieve an availability of 99.99% during weekdays.,A
The system shall log all incidents affecting availability and generate monthly reports.,A
The system shall allow for real-time health checks of all critical components.,A
The application shall undergo periodic failover testing to ensure disaster readiness.,A
The system shall notify end-users in advance of any planned outages or service interruptions.,A
The product must sustain operations under unexpected traffic spikes without degradation.,A
The system shall integrate with third-party monitoring tools to track availability.,A
The system shall support real-time redundancy to avoid service disruption during hardware failure.,A
The product shall be available to users with no more than 1 minute of downtime per week.,A
The application shall maintain continuous operation with a service disruption rate below 0.01%.,A
The system must support instant failback to the primary node upon recovery.,A
The application shall achieve zero downtime deployment through blue-green deployment strategy.,A
The system shall include service-level agreements (SLAs) guaranteeing minimum availability targets.,A
The application shall provide metrics to validate its real-time availability to stakeholders.,A
The system shall ensure 100% availability during predefined high-priority periods.,A
The product shall support multi-region deployment to minimize regional availability impact.,A
The application must be capable of dynamic scaling to preserve availability under heavy load.,A
The product shall be able to handle failovers with no more than 30 seconds of disruption.,A
The system must maintain an MTTR of under 15 minutes for critical failures.,A
The application shall retain 99.95% service uptime for end-user APIs.,A
The system must report availability incidents to support teams within 5 minutes of occurrence.,A
The product shall be available during standard business hours and extended support periods.,A
The system shall support live patching without disrupting availability of core services.,A
The application shall monitor third-party service availability and switch to backups as needed.,A
The product must maintain redundancy in data storage systems to prevent availability loss.,A
The system must detect and resolve service disruptions within 10 minutes of their occurrence.,A
The application shall maintain availability during firmware upgrades through modular updates.,A
The system shall be reachable by users with an availability rate of 99.6% across all regions.,A
The product must have a system restart time of under 60 seconds to ensure availability.,A
The application shall support auto-scaling policies to preserve availability during load surges.,A
The system shall offer uptime tracking dashboards accessible to system administrators.,A
The application must maintain availability of user login services with 99.98% uptime.,A
The product shall ensure high availability through multi-instance deployment across zones.,A
The system shall support immediate failover upon detection of instance unavailability.,A
The application shall achieve an uptime target of 99.9% averaged over 12 months.,A
The system must preserve availability during operating system updates and restarts.,A
The product shall include service restoration within 2 hours after critical incident detection.,A
The system shall provide continuous service even during hardware replacement activities.,A
The application shall be available to users during all timezones’ peak hours.,A
The system shall be available at least 99.7% of the time per calendar month.,A
The product shall maintain application-layer availability despite transport-level failures.,A
The system shall be deployed on infrastructure supporting automatic scaling and high availability.,A
The product shall offer 24/7 automated recovery mechanisms to maximize uptime.,A
The system must include active monitoring and alerting tools to support availability objectives.,A
The application must have standby resources to immediately handle failovers.,A
The product shall have a documented incident response plan to minimize downtime impact.,A
The system shall provide accessibility from all supported client platforms without interruptions.,A
The application shall maintain a downtime threshold of no more than 1 hour per quarter.,A
The system shall support disaster recovery with an RTO of 1 hour or less.,A
The system shall provide a resilience level that allows operation during partial system failures.,A
The product shall automatically scale down non-critical services during outages to preserve availability.,A
The application must ensure continuous access to support and helpdesk services.,A
The system shall provide availability reports to stakeholders on a weekly basis.,A
The system shall support graceful degradation to preserve core functionality during partial outages.,A
The product shall limit downtime for scheduled maintenance to under 30 minutes per month.,A
The application shall remain available during rolling system upgrades.,A
The system shall achieve 99.99% availability across all supported platforms and devices.,A
The product shall provide dashboards showing current availability and incident history.,A
The system must ensure that failover mechanisms are tested quarterly to guarantee effectiveness.,A
The application shall maintain availability with a maximum service interruption time of 3 minutes per incident.,A
The product shall deliver continuous monitoring data to ensure SLA adherence for availability.,A
The system shall allow availability verification via public API status endpoints.,A
The application must include a fallback mode to preserve basic functions during outages.,A
The product must not exceed an average downtime of 20 minutes per month.,A
The system shall provide alerts for availability drops below the SLA-defined threshold.,A
The product must ensure uptime of 99.9% even under disaster conditions through backups.,A
The application shall provide availability across all modules during system-wide updates.,A
The product shall guarantee a minimum monthly uptime percentage with compensation policies.,A
The system shall perform automatic health checks every 30 seconds for availability validation.,A
The application shall be hosted in multiple availability zones for failover support.,A
The product shall maintain 100% availability during major product releases.,A
The system must avoid service disruption during scheduled database migrations.,A
The application shall recover full functionality automatically after transient network failures.,A
The system shall provide redundant access paths for mission-critical endpoints.,A
"The system shall be accessible without interruption during standard business hours, Monday through Friday.",A
The product shall maintain a minimum of 98.5% uptime per calendar month.,A
The system shall be recoverable within 3 minutes after any unexpected shutdown.,A
The system shall allow access to users 99.95% of the time across a rolling 12-month period.,A
The application shall be available on weekends for critical operations without scheduled maintenance.,A
Scheduled downtime for maintenance shall not exceed 2 hours per quarter.,A
The system shall ensure continuous service during patch deployments.,A
The system shall maintain availability during geographic failover scenarios.,A
Mean Time Between Failures (MTBF) shall exceed 1500 hours of continuous operation.,A
Emergency support shall be available 24/7 in case of system unavailability.,A
The service shall meet a minimum 99.8% availability Service Level Objective (SLO).,A
The system shall allow real-time failover to a backup instance in under 30 seconds.,A
The product shall be designed to minimize single points of failure to enhance availability.,A
The system shall achieve zero downtime during minor upgrades.,A
The platform shall maintain 24/7 access for international users in different time zones.,A
The service shall meet 99.9% availability outside of approved maintenance windows.,A
The system shall use redundant components to maintain service availability in case of hardware failure.,A
The product shall generate alerts if uptime falls below 99.5% within a given month.,A
The application shall limit unscheduled downtime to no more than 5 minutes per month.,A
Users shall be notified 48 hours in advance of any planned service outage.,A
Core features shall remain available even during system degradation scenarios.,A
The system shall log all downtime incidents and provide availability reports monthly.,A
The system shall maintain 99.99% uptime during peak operational hours.,A
Any downtime exceeding 15 minutes shall be escalated to the operations team.,A
Automated health checks shall run every minute to ensure high availability.,A
The backup server shall activate within 10 seconds of primary system failure.,A
Service availability shall be monitored using third-party observability tools.,A
"Planned maintenance shall occur only during low usage hours (e.g., midnight to 2 AM).",A
Availability shall be tracked using rolling 30-day performance metrics.,A
Application availability shall meet a minimum of 99.9% during fiscal reporting periods.,A
The service shall auto-scale under load to preserve availability.,A
The system shall guarantee availability for all critical APIs at 99.95%.,A
The platform shall support active-active clustering to improve availability.,A
User authentication services shall be available 100% of the time.,A
Database replication shall be employed to support high system availability.,A
All system downtime shall be categorized and documented for audit purposes.,A
The infrastructure shall include real-time monitoring for uptime compliance.,A
The system shall provide a rollback option in case of failed deployment to ensure availability.,A
The average availability for any module shall not drop below 99.7% in a quarter.,A
The application shall gracefully degrade when a service becomes temporarily unavailable.,A
The failover process shall initiate automatically with no manual intervention.,A
MTTR shall not exceed 5 minutes for any critical component failure.,A
Redundant internet connectivity shall be provisioned to ensure 24/7 availability.,A
The availability performance shall be reviewed quarterly and must exceed SLA targets.,A
The system shall maintain full operational capability for at least 360 days a year.,A
"Application downtime shall be under 30 minutes per year, excluding planned outages.",A
System outages longer than 5 minutes shall trigger immediate incident response procedures.,A
All subsystems must be independently restartable to maintain partial availability.,A
The application shall recover from a service interruption without user action.,A
Downtime metrics shall be visible on the system dashboard for transparency.,A
Failover systems shall undergo monthly drills to validate availability readiness.,A
The product shall support seamless data center failover to maintain service availability.,A
Backup operations shall not impact system availability.,A
The system shall support 99.9% availability even during patch management cycles.,A
The SLA shall define penalties for falling below 99.8% monthly uptime.,A
The system shall maintain availability during cloud provider outages using multi-region failover.,A
Users shall experience no downtime during application version updates.,A
The service shall operate with minimal user interruption during maintenance windows.,A
The system shall automatically reroute requests in case of node unavailability.,A
Service restoration shall occur within 15 minutes of any component crash.,A
Mobile app services shall mirror web app availability at 99.9% or higher.,A
The availability logs shall be reviewed monthly to identify and mitigate recurring issues.,A
Availability for mission-critical services shall be 99.999%.,A
System components must provide heartbeat signals every 10 seconds for availability checks.,A
The architecture shall support hot standby instances for high availability.,A
The system shall maintain availability across multiple time zones with no degradation.,A
Application downtime during deployment shall not exceed 30 seconds.,A
Availability of core business workflows shall exceed 99.95% per month.,A
All recovery mechanisms must be fully automated to reduce downtime risk.,A
Application downtime exceeding SLA shall trigger automated incident reporting.,A
All scheduled maintenance must occur during approved availability windows.,A
Monitoring alerts shall trigger within 30 seconds of a system becoming unavailable.,A
The system shall support dynamic resource allocation to maintain availability during load spikes.,A
Annual downtime must not exceed 1 hour including scheduled maintenance.,A
The system shall provide proactive failover tests at least once per quarter.,A
The availability of the user login system shall exceed 99.98%.,A
The application shall guarantee continuous access to financial data during market hours.,A
Availability-related issues shall be resolved within a standard MTTR of 4 hours.,A
System uptime shall be verified by an external monitoring service for compliance.,A
The system shall provide self-healing capabilities to improve uptime.,A
High-availability zones shall be used for cloud deployments.,A
The system shall offer a read-only mode in case of partial outages.,A
Critical alarms shall be sent immediately if availability drops below 99.9%.,A
Failover tests shall simulate real-world conditions for better availability assurance.,A
Service availability shall not be impacted during automated scaling events.,A
The system shall offer continuous access to public APIs even during backend upgrades.,A
Availability SLAs shall be documented in client contracts.,A
The product shall track historical uptime trends and notify on deviations.,A
All critical services must be reachable via at least two network paths.,A
Downtime tracking tools shall be integrated with incident management platforms.,A
The service shall maintain data access availability during storage migration.,A
Availability monitoring shall include real-time dashboards and alert thresholds.,A
The system shall operate across multiple availability zones to ensure redundancy.,A
System availability statistics shall be retained for a minimum of 12 months.,A
Availability audits shall be conducted semi-annually to validate SLA adherence.,A
The product shall notify users immediately of any availability degradation.,A
The available server and network connectivity in the supermarket shall ensure smooth operations.,A
The available server shall maintain reliable network connectivity for uninterrupted operations.,A
The product must keep critical workflows operational during OS updates.,A
The application shall match the Department of Homeland Security's approved color scheme.,LF
The system’s visual design shall follow the smart device user interface standards.,LF
The user interface shall include standard menus and navigation buttons.,LF
The system shall have a professional and consistent appearance.,LF
The product shall maintain a unified color scheme and font style.,LF
The Disputes application shall follow corporate user interface design standards.,LF
All screens in the Disputes application shall comply with corporate interface standards.,LF
The product shall follow corporate user interface guidelines.,LF
The product shall use the corporate-approved color palette.,LF
The product’s appearance shall reflect professionalism.,LF
The product’s design shall integrate customer branding elements such as logos and colors.,LF
The product shall maintain a professional and conservative visual style.,LF
The website shall be visually appealing with a bright and engaging color palette.,LF
"The website design shall be modern, clean, and uncluttered.",LF
The interface shall maintain simplicity; 90% of beta testers must confirm it is easy to navigate.,LF
The product shall follow the City of Chicago Application Development visual design standards.,LF
"The system shall follow IBM and CCR branding standards, displaying the required logos.",LF
The interface shall be optimized for display at 800x600 resolution.,LF
The interface shall use CCR-approved terminology for consistency.,LF
Each page shall include a consistent navigation menu.,LF
Each page shall maintain a uniform layout with clearly separated navigation and action areas.,LF
The product shall comply with ENET Securities intranet page visual standards.,LF
The intranet pages shall display correctly at resolutions from 800x600 upwards.,LF
The system shall use a text-based interface for listing available mail.,LF
The system shall provide a tabbed display with the campus map and related building information.,LF
The campus map shall visually indicate areas with available audio content.,LF
The system shall use company-approved colors and logos.,LF
The interface shall always display a menu for manual order taking.,LF
The logo and primary design of the registration system shall be displayed prominently.,LF
"The design shall be visually comfortable, avoiding distracting color flashes.",LF
The system shall provide a consistent look and feel across all web pages.,LF
The application must adhere to the Department of Homeland Security’s specified color palette.,LF
The system’s visual style shall match the user interface standards for smart devices.,LF
The user interface must present consistent menus and navigation options.,LF
The platform shall project a polished and professional visual impression.,LF
The product must retain a cohesive set of fonts and colors across all pages.,LF
The Disputes application shall align with corporate standards for interface design.,LF
Every screen in the Disputes application must reflect corporate UI guidelines.,LF
The product shall observe corporate rules for interface aesthetics.,LF
The product must follow the approved corporate color guidelines.,LF
The product’s design shall convey professionalism and credibility.,LF
"The visual layout shall incorporate the customer’s brand identity, including logo and color scheme.",LF
The product must exhibit a professional and understated appearance.,LF
"The website’s design shall be attractive, with vivid and engaging colors.",LF
"The website layout must be contemporary, tidy, and minimalistic.",LF
The interface must maintain a simple appearance validated by 90% of beta testers.,LF
The interface shall be judged visually appealing by at least 80% of pilot users.,LF
The system must respect the City of Chicago’s UI development style guide.,LF
"The interface shall integrate IBM and CCR brand elements, including their logos.",LF
The display must be optimized for resolutions of 800x600 pixels and above.,LF
The product shall use CCR-specific labels and terms for visual consistency.,LF
Each page must include a fixed navigation menu.,LF
Each page’s layout must keep navigation and action areas distinct.,LF
The product must satisfy ENET Securities’ intranet visual appearance rules.,LF
Intranet pages must render correctly on resolutions starting from 800x600.,LF
The interface shall use a text-only style to present mail listings.,LF
The display shall provide tabbed sections for the campus map and building information.,LF
The campus map must visually highlight areas with audio content.,LF
The design must reflect the official company colors and branding.,LF
The UI must keep a visible menu for manual order entry.,LF
The registration system’s logo and base design must be clearly displayed.,LF
The design must ensure visual comfort and avoid distracting flashes.,LF
All web pages shall share the same visual style and layout.,LF
The application shall follow an approved government agency color specification.,LF
The interface shall comply with mobile device UI look-and-feel standards.,LF
The navigation menus shall have a uniform style across the application.,LF
The system’s interface must appear neat and business-like.,LF
Fonts and colors shall be standardized throughout the product.,LF
The application’s design shall comply with internal corporate style rules.,LF
All UI screens must follow organizational branding and layout norms.,LF
The product must use the organization’s interface formatting guidelines.,LF
The interface shall conform to official corporate color usage.,LF
The visual presentation must look professional in all contexts.,LF
The UI shall reflect the customer’s visual identity in logos and brand colors.,LF
The interface shall present a restrained and elegant appearance.,LF
"The website shall be designed with appealing, energetic color tones.",LF
"The site’s pages shall be visually modern, orderly, and clear.",LF
The interface must be rated simple and clear by a majority of testers.,LF
The look of the interface must satisfy at least 80% of evaluation participants.,LF
The UI shall respect municipal development appearance standards.,LF
The display shall feature IBM and CCR official branding.,LF
Screen resolution support shall include a minimum of 800x600.,LF
The system’s interface shall use approved internal terminology.,LF
A navigation menu shall be present on every page.,LF
Layout uniformity shall be maintained across all screens.,LF
The interface must meet company intranet appearance criteria.,LF
The product’s pages must render well in standard screen resolutions.,LF
Mail listings shall be displayed in a purely text-based format.,LF
Tabbed displays shall show maps and corresponding building details.,LF
Maps shall visually indicate audio-enabled locations.,LF
Company-approved branding colors and logos shall be used consistently.,LF
The menu must remain visible for manual entry at all times.,LF
The registration UI must display the organization’s logo and main design.,LF
Colors and effects must avoid distracting the user.,LF
All website pages shall follow the same visual formatting.,LF
The app shall implement the approved security agency color plan.,LF
Mobile UI styling shall match the visual standards of the target platform.,LF
Navigation shall use standardized button designs.,LF
The interface appearance shall convey a formal tone.,LF
A single font set shall be used throughout the software.,LF
The visual design must follow the official internal guidelines.,LF
All screens shall adhere to company branding policies.,LF
Corporate interface instructions must be followed for layout.,LF
Color application shall match official guidelines exactly.,LF
The UI must remain professional-looking in all use cases.,LF
Logos and branding elements must match the client’s specifications.,LF
The overall visual theme shall be conservative.,LF
The site’s theme shall be cheerful and engaging.,LF
The layout must remain modern and easy to read.,LF
Simplicity of interface shall be confirmed by testers.,LF
Interface appeal shall be confirmed by 80% of review group.,LF
Municipal UI guide requirements must be implemented.,LF
Logos from IBM and CCR shall appear in the UI.,LF
Minimum supported resolution shall be 800x600.,LF
The terminology used shall match CCR standards.,LF
Navigation options shall be placed in a consistent location.,LF
Actions and navigation areas shall be separated.,LF
The visual design must pass corporate intranet approval.,LF
Display accuracy shall be verified for multiple resolutions.,LF
Text-only listing shall be used for certain content.,LF
Tabbed views shall present maps and related info.,LF
Maps shall highlight audio-available sections.,LF
Official corporate colors and marks must be visible.,LF
Menu access shall be available for manual tasks.,LF
Brand logo and core design must be included in the UI.,LF
Visual effects shall remain subtle and non-distracting.,LF
The entire product shall maintain a unified appearance.,LF
The interface shall maintain a clean and balanced visual composition.,LF
All screens must reflect the company’s brand style through fonts and layout.,LF
"The design shall avoid visual clutter, ensuring all elements have adequate spacing.",LF
The application must use only approved brand typography in all sections.,LF
Navigation bars shall remain visually distinct from content areas.,LF
Icons must match the brand’s official iconography set.,LF
Color transitions shall be smooth and consistent across all pages.,LF
The interface must use the same shadow and depth effects in all components.,LF
Buttons shall maintain uniform size and style.,LF
The header section must display the brand logo at the approved dimensions.,LF
"Font sizes must be consistent for headings, subheadings, and body text.",LF
The visual style shall convey elegance and professionalism.,LF
Animations must be subtle and avoid distracting from the main content.,LF
The footer design must match the header in style and color.,LF
The application’s background shall follow the official brand gradient.,LF
Spacing between text and images must be consistent across the interface.,LF
The application shall maintain proportional scaling across devices.,LF
The login screen must display the official background pattern.,LF
All charts and graphs shall use the approved color palette.,LF
The interface must use rounded corners consistent with the brand’s guidelines.,LF
Labels and form fields shall align perfectly in all forms.,LF
Hover effects shall match the approved style for interactive elements.,LF
The application’s dark mode shall follow brand colors for contrast.,LF
The product shall present a minimalist aesthetic.,LF
The side menu must remain fixed and styled according to design rules.,LF
Highlight colors for selections must follow the official brand color.,LF
Error messages shall appear in the designated alert color.,LF
The interface shall avoid abrupt color changes.,LF
Text alignment shall follow approved justification rules.,LF
The page layout must keep a consistent grid system.,LF
Loading indicators must match the brand animation style.,LF
All icons shall maintain equal stroke thickness.,LF
The interface must include brand-specific decorative elements.,LF
Borders shall have consistent width and color across components.,LF
The color of hyperlinks must remain the same across the product.,LF
The search bar must maintain the approved shape and style.,LF
Visual emphasis shall be achieved using approved brand colors only.,LF
The background pattern shall remain static during scrolling.,LF
The placement of the logo must remain consistent on every page.,LF
Dropdown menus must open with a smooth animation.,LF
The application shall avoid mixing serif and sans-serif fonts.,LF
Brand watermarks shall be used in accordance with design rules.,LF
The interface must present balanced use of white space.,LF
Images must be framed or cropped to match the visual theme.,LF
Section titles must have the approved color and font size.,LF
The design shall reflect seasonal branding when applicable.,LF
The application must maintain alignment between icons and labels.,LF
Call-to-action buttons must have the designated highlight effect.,LF
The typography hierarchy must be respected across all views.,LF
Status indicators shall follow the approved color scheme.,LF
The product must visually adapt to both light and dark themes.,LF
Drop shadows must match the depth level specified in guidelines.,LF
The navigation panel shall be visually separated from content.,LF
The logo area must have padding as specified in the brand guide.,LF
Page transitions shall use the official animation timing.,LF
The interface must keep brand consistency across language versions.,LF
The product shall avoid overly bright or saturated colors.,LF
The interface shall integrate brand mascots where required.,LF
Margins between elements must be uniform across all pages.,LF
The loading spinner must match the official design.,LF
All text in banners must use uppercase styling.,LF
Tabs must use the official highlight animation.,LF
The system must apply brand typography to placeholder text.,LF
Images must use approved filters to match visual style.,LF
The background shall maintain a fixed aspect ratio.,LF
Primary buttons must be the brand’s primary color.,LF
Secondary buttons must be the brand’s secondary color.,LF
Icons must be aligned with adjacent text.,LF
The UI shall keep a visual rhythm consistent with the design system.,LF
The product must follow visual accessibility guidelines.,LF
Charts shall avoid using more than the approved set of colors.,LF
Animations shall have durations consistent with design rules.,LF
Interactive elements must have visual feedback states.,LF
Headings must be bold and match the official font weight.,LF
Spacing around the logo must remain unchanged.,LF
Tooltips must use the approved background and text color.,LF
The home page must feature the main brand slogan in approved style.,LF
Background videos must be muted and loop smoothly.,LF
Menus must maintain alignment with the main content.,LF
The application must use only vector-based icons.,LF
The login page shall maintain the official gradient style.,LF
Progress bars must follow the approved design pattern.,LF
Text links must have the underline style enabled.,LF
All modals must match the standard modal window style.,LF
The breadcrumb navigation must use the approved color and font.,LF
The interface must avoid overlapping visual elements.,LF
Pop-ups must match the official corner radius.,LF
Form error messages must be placed directly under the relevant field.,LF
Table headers must use bold text in the approved color.,LF
Accordion panels must open and close with smooth animation.,LF
The cursor style must change when hovering over clickable items.,LF
Alerts must use icons matching the brand’s alert style.,LF
The interface shall remain visually consistent after resizing.,LF
Text in buttons must always be centered.,LF
The app shall keep typography readable at all zoom levels.,LF
Headings and body text must be clearly differentiated.,LF
The interface must pass internal visual quality checks.,LF
"The application shall maintain a consistent visual layout across all pages, ensuring uniformity in colors, fonts, and element positioning.",LF
"All primary navigation menus shall follow the brand’s approved typography and spacing guidelines, providing a cohesive user experience.",LF
"The interface shall use brand-compliant color gradients for backgrounds, maintaining visual harmony and avoiding clashing tones.",LF
"All buttons across the application shall have identical corner radius, border thickness, and hover animations as per design rules.",LF
The homepage shall display the company logo at the top-left corner with approved dimensions and adequate padding for visibility.,LF
Interactive elements shall provide subtle animations upon hover to enhance engagement while maintaining design consistency.,LF
"The product shall maintain a balanced ratio of white space to content, avoiding crowded or overly dense layouts.",LF
"Each form input field shall have consistent border styling, padding, and placeholder text appearance throughout the system.",LF
"The application shall implement consistent icon styles, using only approved vector icons from the official brand library.",LF
The interface shall present a harmonious color scheme that complies with brand accessibility standards for contrast and readability.,LF
"The product’s footer shall mirror the header’s style in terms of background color, typography, and logo placement.",LF
Visual separators such as lines or borders shall follow the same thickness and color rules across all sections.,LF
The login screen shall feature a branded background image that adapts proportionally to different device resolutions.,LF
Navigation bars shall remain visually distinct from content areas by maintaining a fixed background color and shadow depth.,LF
"The application shall display error messages in a style that aligns with the alert design pattern, using designated colors and icons.",LF
"Each section heading shall use a consistent font size, weight, and alignment as specified in the design system.",LF
The product shall use subtle transition effects between screens to enhance visual flow without impacting performance.,LF
"Modal windows shall appear centered on the screen, with a semi-transparent overlay and consistent padding.",LF
The brand’s primary color shall be used exclusively for primary action buttons throughout the interface.,LF
"The product’s search bar shall retain a consistent shape, border style, and icon placement on every page.",LF
The interface shall display high-quality images that are optimized for clarity without distorting their original proportions.,LF
"All icons within toolbars must align vertically and horizontally for a neat, professional appearance.",LF
The application shall maintain consistent spacing between related components to avoid irregular visual gaps.,LF
"The product’s typography hierarchy shall clearly distinguish between headings, subheadings, and body text.",LF
Hover states for links shall include an underline animation consistent with the brand’s visual identity.,LF
"All dashboard widgets shall use consistent card styles, including border radius, shadow, and title alignment.",LF
Dropdown menus shall appear with a smooth animation and maintain a fixed alignment relative to their triggers.,LF
"The loading indicator shall use the official brand animation style, including timing and color specifications.",LF
Images used in promotional banners shall include a soft gradient overlay to ensure text readability.,LF
Form validation states shall use the approved success and error colors with matching icons.,LF
The interface shall use a fixed grid system for element alignment across all device sizes.,LF
Table headers shall have a distinct background color and bold typography to improve readability.,LF
The product shall maintain visual consistency between desktop and mobile layouts.,LF
All secondary buttons shall use the brand’s designated secondary color with matching hover effects.,LF
"Icons for actions such as edit, delete, and download shall remain consistent in size, stroke, and style.",LF
The interface shall avoid using drop shadows with varying intensities outside approved design specifications.,LF
Each page shall include a header banner that uses approved imagery and typography.,LF
The application shall maintain consistent animation durations for all transitions and visual effects.,LF
The brand’s watermark shall appear in designated sections without obstructing content readability.,LF
The interface shall integrate seasonal visual themes without deviating from brand identity rules.,LF
Images in galleries shall maintain uniform aspect ratios and be evenly spaced.,LF
The application shall ensure that clickable elements are visually distinguishable from static ones.,LF
"Every tooltip shall follow the approved style, including background color, font size, and border radius.",LF
The product shall ensure all visual components scale proportionally when viewed at different resolutions.,LF
Form labels shall be aligned to the left and maintain a uniform distance from their corresponding fields.,LF
The product shall avoid abrupt or inconsistent color changes during navigation between pages.,LF
"All promotional pop-ups shall adhere to the official design template, including animation style and layout.",LF
Charts and graphs shall use the official palette with consistent line thickness and marker shapes.,LF
The application shall use only brand-approved background patterns to maintain visual integrity.,LF
The application shall maintain consistent design elements and navigation structure across all pages.,LF
"The user interface shall minimize distractions by using a clean, focused design with minimal pop-ups.",LF
The website shall adhere to branding schemes and maintain a uniform page layout throughout.,LF
The system shall refresh the display every 60 seconds.,PE
The product shall respond fast to keep up-to-date data in the display.,PE
The product shall produce search results in an acceptable time,PE
The search results shall be returned no later 30 seconds  after the user has entered the search criteria,PE
The product shall generate a CMA report in an acceptable time.,PE
The CMA report shall be returned no later 60 seconds after the user has entered the CMA report criteria.,PE
The product shall synchronize contacts and appointments in an acceptable time.,PE
The product shall synchronize with the office system every hour.,PE
Staff members shall be able to complete a set of tasks in a timely manner.,PE
The response time of general student management tasks shall take no longer than 5 seconds and the response time of schedule generation shall take no longer than 30 seconds.,PE
The maximum wait time for a user navigating from one screen to another within the Disputes application shall be no more than 5 seconds.,PE
The Disputes application shall support 350 concurrent users without any degradation of performance in the application.,PE
The search for recycled parts shall take no longer than 15 seconds.  The search results shall be returned in under 15 seconds.,PE
The search for the preferred repair facility shall take no longer than 8 seconds.  The preferred repair facility is returned within 8 seconds,PE
The recycled parts audit report shall be returned to the user within 10 seconds.  The audit report shall be returned within 10 seconds.,PE
The preferred repair facility ratings shall be saved within 5 seconds. The save shall occur within 5 seconds.,PE
The response shall be fast enough to avoid interrupting the user\92s flow of thought.  90% of tasks shall complete within 5 seconds.  98% of tasks shall complete within 8 seconds.,PE
Recreation of Inventory Quantity Adjustment for the period of previous 30 days shall take no more than 30min.,PE
The System shall allow for a minimum of  6 users to work at the same time.,PE
Administrator shall be able to activate a pre-paid card via the Administration section in under 5 seconds.,PE
 Customer shall be able to check the status of their prepaid card  by entering in the PIN number  in under 5 seconds.,PE
System shall let customers register on the website as a \93pay as you go\94 user in under 5 minutes.,PE
System shall let customers register on the website as a \93unlimited movie subscriber\94 user in under 10 minutes.,PE
System shall let existing customers log into the website with their email address and password in under 5 seconds.,PE
System shall let customers cancel their account  process shall take no longer than 2 minutes.  Database will mark the account as inactive  and user will not be able to log into the website.,PE
System shall let administrator de-activate a customer account in under 1 minute. Customer will no longer be able to access the website.,PE
System shall let administrator add/remove movies on the website in under 5 minutes.  Entered movie information will be stored in the database and will now be available on the website.,PE
System shall let the administrator add/remove categories on the website in under 5 minutes.,PE
System shall let Izogn Manager access sales and usage statistics in under 2 minutes.,PE
System shall let administrators generate unique pre-paid pins in under 2 minutes and generate an Excel file with the generated PINs.,PE
Any interface between a user and the automated system shall have a maximum response time of 5 seconds  unless noted by an exception below.,PE
When purchasing a streaming movie or pre-paid card via credit card  the processing time should have a maximum response time of 15 seconds.,PE
When streaming a movie  the buffering time should take no longer than 10 seconds (plus any latency on the user\92s connection.),PE
While streaming a movie  buffering should only occur if there is latency in the user\92s connection.,PE
Izogn Administrator must be able to update the category listings on the website within 2 minutes.,PE
Izogn Administrator must be able to add new products to the website within 2 minutes.,PE
Total lead cycle time must be completed in 5 minutes for 90% of lead volume between the business hours of 8AM CST to 8PM CST; then 3 minutes for 99% of lead volume during off business hours.,PE
No lead evaluation will complete in a time period longer than 25 seconds for 97% of all leads processed.,PE
For leads that process longer than 25 seconds the system will record the event and duration,PE
The process must fit within the processing time conditions set forth by the Auto Rep Assignment process in which a lead is assigned within 3 minutes of the total life cycle.,PE
The product shall able to handle a large number of games simultaneously.,PE
The response time shall be fast enough to maintain the flow of the game.  The response time shall be no more than 2 seconds for 95% of responses and no more than 4% for the remaining responses.,PE
The product shall protect the identity of the players. The product shall provide players no access to information that might reveal the identity of another player.,PE
The response time shall be fast enough to maintain the flow of the game. The response time shall be no more than 2 seconds for 95% of responses and no more than 4% for the remaining responses.,PE
The system shall be responsive. At the DePaul TeleServices Center  when a supervisor uses the system to view a callers schedule  the system response time must be no more than 2 seconds 90% of the time and no more than 5 seconds the rest of the time.,PE
On a 56k connection  the system response time for all operations must be no more than 6 seconds 90% of the time.,PE
On a 112k connection or faster  the system response time for all operations must be no more than 3 seconds 90% of the time.,PE
The product shall provide Asynchronous Messaging.The product shall provide asynchronous messaging to enable parallel processing and reduce the overhead in communications,PE
The product shall provide Multi-threading and Load Balancing.The product shall provide multi-threading technology as well as load balancing to overcome data load spikes and traffic.,PE
The product shall process messages within 2 seconds.The product shall have a maximum message processing time of 2 seconds,PE
The product shall poll the system for messages every second.The product shall poll the system for new messages at a maximum of every 1 second.,PE
The product shall provide Dynamic Change Support and Transparent resource addition.The product shall support Transparent Resource addition and Dynamic Change support to provide scalability and avoid service interruptions of more than 1 day.,PE
The application shall be able to complete every user transaction within one fourth of a second of receiving the request over the network.,PE
The product interface should be fast. The response time of the product interface should not exceed 2 seconds 90% of the time. For 10% of the time  the response time should not be more than 10 seconds.not be more than 10 seconds.,PE
All Web pages generated by the system shall be fully downloadable in no more than 10 seconds over a 40KBps modem connection.,PE
Responses to queries shall take no longer than 7 seconds to load onto the screen after the user submits the query.,PE
The system shall display confirmation messages to users within 4 seconds after the user submits information to the system.,PE
Responses to view information shall take no longer than 5 seconds to appear on the screen.,PE
High level of performance requires high speed network and high level of connectivity.,PE
The system is expected to have reasonable short time response. The voter should be able to login and should be able to get response for his requests in 2-3 seconds.,PE
The web application shall add no more than 5 seconds of perceivable overhead time to any necessary web and database transaction time.,PE
The product shall take initial load time depending on internet connection strength which also depends on the media from which the product is run.,PE
The performance shall depend upon hardware components of the client/customer.,PE
Any page of the application should not take more than 6 seconds to load on a DSL broadband connection.,PE
The system may be throttled or slowed down on heavy loads to ensure service for everybody. By throttling is meant that certain functionality may be unavailable during heavy server load.,PE
The application should be able to support 100 concurrent users without any performance degradation.,PE
The system shall support up to 10000 simultaneous users against the central database at any given time and up to 5000 simultaneous users against the local servers at any one time. The performance of the website must be optimal.,PE
The application shall process user logins within 3 seconds under normal load,PE
System dashboards shall load within 4 seconds for 95% of users,PE
Report generation shall not exceed 10 seconds for standard queries,PE
The server shall handle up to 500 simultaneous file uploads without slowing down,PE
Search autocomplete suggestions shall appear within 1 second after input,PE
The home page shall render in less than 2.5 seconds on broadband connections,PE
Transaction processing shall be completed in under 8 seconds for 90% of cases,PE
The mobile version shall respond to user taps within 100 milliseconds,PE
The system shall allow real-time stock updates with under 2 seconds of latency,PE
User profile updates shall be saved within 4 seconds,PE
Background data synchronization shall not exceed 15 seconds,PE
The API shall support 2000 requests per minute with no timeouts,PE
Data exports to CSV shall complete within 12 seconds,PE
The search index shall be updated within 60 seconds after content change,PE
The platform shall load all assets under 3 seconds for 80% of users,PE
The response time for access control checks shall not exceed 1 second,PE
Live chat messages shall appear to recipients within 0.5 seconds,PE
Batch uploads of 100 records shall complete in under 10 seconds,PE
Analytics dashboards shall update in real-time with a delay under 3 seconds,PE
Report filters shall apply changes within 2 seconds,PE
The feedback form shall submit in less than 5 seconds,PE
Content previews shall render within 1 second after selection,PE
Login authentication shall not exceed 2 seconds,PE
The notification center shall refresh every 30 seconds,PE
Session switching shall complete within 3 seconds,PE
Video playback shall begin within 2 seconds on high-speed connections,PE
The database shall handle 1000 insert operations per minute without performance loss,PE
Form validation shall respond within 1 second after user input,PE
Upload progress bars shall update every 0.5 seconds,PE
The scheduler shall execute time-based events with no more than 1 second delay,PE
System boot-up time shall not exceed 15 seconds,PE
Saving form data shall take less than 4 seconds on average,PE
The search engine shall return results within 3 seconds for 95% of queries,PE
The application shall respond to user input within 250 milliseconds,PE
Screen transitions shall be completed within 2 seconds,PE
The checkout process shall be finalized within 10 seconds under normal conditions,PE
Load balancing shall ensure response time remains under 5 seconds during failover,PE
Table pagination shall occur in under 2 seconds,PE
Application startup time shall not exceed 10 seconds on supported devices,PE
The system shall allow 100 transactions per minute with no service degradation,PE
User session timeout checks shall occur every 60 seconds,PE
Concurrent data access by up to 100 users shall not impact response time,PE
Resource loading shall be deferred to prioritize first screen paint within 3 seconds,PE
API responses shall not exceed 1 second for 90% of calls,PE
Password reset emails shall be triggered within 5 seconds of request,PE
The activity feed shall refresh automatically every 45 seconds,PE
The system shall maintain sub-second latency for critical alerts,PE
Monthly billing summaries shall generate in less than 6 seconds,PE
Data import of 1000 records shall not exceed 20 seconds,PE
The cache layer shall serve 95% of repeated requests under 100ms,PE
Push notifications shall be delivered within 3 seconds of triggering,PE
User search autocomplete shall return suggestions under 800 milliseconds,PE
The image gallery shall load thumbnails in under 3 seconds,PE
The system shall support 100 concurrent video streams without buffering,PE
Live polling updates shall reflect on screen in less than 2 seconds,PE
User metrics shall refresh every 10 seconds during monitoring sessions,PE
Admin dashboard shall display KPIs in under 5 seconds,PE
The system shall recover from overload within 15 seconds,PE
Email delivery status updates shall reflect within 60 seconds,PE
Navigation between app sections shall complete in under 2 seconds,PE
The platform shall serve static assets with 95% cache hit rate,PE
Backup operations shall not impact frontend performance during business hours,PE
The user timeline shall render within 2.5 seconds,PE
System alerts shall trigger actions within 1 second,PE
High-resolution images shall render fully in under 5 seconds,PE
Chat history retrieval shall take no more than 6 seconds,PE
Scheduled jobs shall start within a 2-second window of planned time,PE
The dashboard shall auto-refresh every 90 seconds,PE
Voice commands shall be processed within 2 seconds,PE
Email inbox view shall load in under 4 seconds,PE
Content moderation decisions shall reflect within 10 seconds of approval,PE
The system shall throttle data requests to maintain consistent 3-second response time,PE
Offline sync tasks shall complete within 30 seconds of reconnection,PE
UI animations shall complete within 400 milliseconds,PE
User avatars shall load fully within 2 seconds on the profile page,PE
The product catalog shall render within 3 seconds under load,PE
Real-time collaboration edits shall propagate under 500 milliseconds,PE
Application logs shall be retrievable in under 4 seconds,PE
The system shall maintain a CPU usage below 75% under max load,PE
The file viewer shall render PDFs within 3 seconds of selection,PE
Form submissions shall acknowledge success in under 2 seconds,PE
The notification badge count shall update within 1 second of change,PE
The resource manager shall allocate memory within 2 seconds of request,PE
System diagnostics shall complete in under 20 seconds,PE
The transaction history shall load within 5 seconds,PE
Password strength checks shall return results within 1 second,PE
Content sharing via social media shall complete within 4 seconds,PE
Map data shall render for current location within 3 seconds,PE
File downloads shall start within 2 seconds of user request,PE
User session renewal shall occur within 5 seconds,PE
QR code scanning shall result in a response within 2 seconds,PE
The system shall support 300 real-time chat users without degradation,PE
Bulk delete operations shall complete in under 10 seconds for 1000 items,PE
Data visualizations shall animate and render within 3 seconds,PE
User onboarding steps shall load in sequence without delays over 2 seconds,PE
The autocomplete index shall rebuild in under 60 seconds after updates,PE
The application shall load the user dashboard within 3 seconds under standard network conditions.,PE
The system shall process uploaded files of up to 20MB in less than 10 seconds.,PE
The login process shall complete in under 2 seconds for 95% of users.,PE
The system shall handle 500 simultaneous API requests with no more than 2% failure rate.,PE
The application shall auto-save user progress every 30 seconds without affecting performance.,PE
The system shall return product recommendations in under 4 seconds after cart updates.,PE
The database shall execute complex queries with up to 5 joins in less than 7 seconds.,PE
The mobile app shall initialize within 5 seconds on devices released in the last 3 years.,PE
The web portal shall support 250 active users per second without crashing.,PE
The search function shall deliver results within 2 seconds for queries under 50 characters.,PE
The analytics dashboard shall render charts within 3 seconds after data retrieval.,PE
User profile updates shall be committed to the database within 2 seconds.,PE
The notification system shall dispatch messages to all users in under 15 seconds.,PE
The application shall not exceed 70% CPU usage during peak operating hours.,PE
All web pages shall fully load in under 4 seconds on a 10 Mbps connection.,PE
System updates shall complete in under 3 minutes with minimal downtime.,PE
The real-time chat shall deliver messages within 1 second in 95% of cases.,PE
The application shall remain responsive under a load of 100 concurrent uploads.,PE
Report generation for files up to 1000 records shall complete within 6 seconds.,PE
The system shall remain operational with up to 1000 concurrent sessions.,PE
The graphical interface shall respond to user clicks in less than 0.5 seconds.,PE
The email service shall queue and send bulk messages to 1000 users in under 5 minutes.,PE
The audit log retrieval shall return results in less than 3 seconds.,PE
The application shall maintain sub-5-second response time during data imports.,PE
The video player shall start playback within 2 seconds of user initiation.,PE
The system shall complete a full-text search over 100000 documents in under 10 seconds.,PE
The payment gateway shall process transactions within 6 seconds 95% of the time.,PE
The server shall maintain response latency under 150ms for REST API calls.,PE
The map component shall load locations within 3 seconds after selection.,PE
User registration shall be processed and confirmed in under 4 seconds.,PE
The cache shall serve frequently accessed data in less than 100ms.,PE
File downloads shall begin within 2 seconds after user confirmation.,PE
Session switching shall occur in under 2 seconds without reauthentication.,PE
The image processing module shall render transformations in under 5 seconds.,PE
System boot time shall be under 30 seconds in standard environments.,PE
Push notifications shall appear on mobile within 3 seconds of generation.,PE
The cloud service shall handle burst traffic of 1000 requests/minute without timeout.,PE
Authentication via SSO shall complete in under 3 seconds.,PE
The voice command system shall respond within 1 second for trained commands.,PE
The file previewer shall open supported documents in less than 3 seconds.,PE
The real-time dashboard shall update KPIs every 10 seconds.,PE
Data export of up to 5000 records shall complete in under 20 seconds.,PE
The predictive model shall generate output in less than 6 seconds.,PE
The email verification process shall complete in under 2 seconds.,PE
The IoT hub shall synchronize data with all devices every 60 seconds.,PE
The print queue shall start printing jobs within 15 seconds of submission.,PE
The load balancer shall redistribute traffic within 2 seconds of node failure.,PE
Voice recordings shall be processed and transcribed within 10 seconds.,PE
The alert system shall trigger visual and sound warnings within 1 second.,PE
Data syncing with cloud storage shall occur every 5 minutes without user interruption.,PE
The compression tool shall reduce files under 100MB in less than 12 seconds.,PE
The real-time bidding engine shall respond to auction updates in under 0.5 seconds.,PE
The weather widget shall update data every 15 minutes automatically.,PE
Transaction logs shall be available for download within 3 seconds of request.,PE
Sensor data shall be available for processing within 2 seconds of receipt.,PE
The video stream shall not buffer more than once per 10 minutes under normal conditions.,PE
Concurrent file uploads by 50 users shall not degrade upload speed below 1MB/s.,PE
The AI engine shall respond with predictions in under 8 seconds for standard input.,PE
System reports of 10 pages or less shall render in PDF format within 4 seconds.,PE
The telemetry service shall record data every 500ms without loss.,PE
The distributed system shall propagate updates across nodes within 2 seconds.,PE
The incident response module shall activate within 5 seconds of critical event detection.,PE
The application must operate under constrained memory conditions without degradation.,PE
"The system shall support up to 50,000 active sessions during national enrollment periods.",PE
The system shall provide real-time monitoring of CPU and memory usage through a dashboard.,O
The application shall include a supervision interface to manage active user sessions.,O
The system shall allow remote control of all background processes via a secure admin panel.,O
The platform shall support centralized management of configuration parameters.,O
The system shall trigger automatic alerts when critical thresholds are exceeded.,O
The application shall send email notifications to operators in case of service degradation.,O
The system shall include diagnostic tools to identify failed components.,O
The application shall store detailed logs of all user and system activities.,O
The platform shall provide traceability of all transactions for audit purposes.,O
The system shall display key performance metrics in real-time.,O
The application shall offer a control panel to manage scheduled maintenance tasks.,O
The system shall collect telemetry data from all connected devices.,O
The platform shall allow configurable operational parameters through the admin console.,O
The application shall generate daily operational reports in PDF format.,O
The system shall maintain an audit trail of configuration changes.,O
The platform shall notify operators within 5 seconds after detecting a failure.,O
The system shall allow in-line maintenance without shutting down the service.,O
The application shall provide an intuitive interface for operational staff.,O
The platform shall support live configuration updates without restart.,O
The system shall allow operation customization based on user roles.,O
The system shall provide a unified monitoring view for all services.,O
The application shall include an administrator interface to manage user permissions.,O
The system must allow administrators to control resource allocation.,O
The platform must provide real-time status updates on all modules.,O
The system shall send push notifications to the administrator for critical alerts.,O
The application shall provide a customizable dashboard for key metrics.,O
The system shall allow operators to start and stop services with a single command.,O
The platform must support scheduled system restarts during off-peak hours.,O
The system shall maintain an activity log of all configuration changes.,O
The application shall offer a centralized configuration manager.,O
The setup process shall provide clear feedback on installation progress.,O
The system must support the scheduling of automated reports.,O
The platform must run a self-diagnosis on startup.,O
The system shall provide a feedback mechanism for reporting bugs.,O
The application must display the current system-state in the dashboard.,O
The admin interface shall provide detailed monitoring of network traffic.,O
The system must provide an emergency stop button for all operations.,O
The application shall allow administrators to manage user groups.,O
The platform shall display the status of all active connections.,O
The system must provide an alert history for review.,O
The dashboard must include a visual representation of system health.,O
The application shall allow a graceful restart of individual services.,O
The system shall generate a detailed log of all errors and exceptions.,O
The configuration settings must be editable through the admin panel.,O
The installation must be guided by a wizard.,O
The system shall allow for the scheduling of data backups.,O
The application must run as a managed service.,O
The platform shall provide real-time feedback on user inputs.,O
The system-state must be backed up hourly.,O
The admin console shall provide tools to monitor database performance.,O
The system must provide a control panel for managing user licenses.,O
The application shall manage all dependencies automatically during installation.,O
The interface shall provide a clear visual status of service health.,O
The system must provide alerts for resource exhaustion.,O
The dashboard must allow for a quick drill-down into specific metrics.,O
The system must allow administrators to start a full system scan.,O
The platform shall allow for the scheduling of security updates.,O
The log files must be accessible and downloadable for analysis.,O
The configuration must be versioned for rollback.,O
The setup process shall include a hardware compatibility check.,O
The system shall provide a comprehensive guide for all operations.,O
The application must allow for on-the-fly configuration changes.,O
The system must provide feedback on the success or failure of operations.,O
The platform shall provide a unified view of the system-state.,O
The admin console must have tools for diagnosing network issues.,O
The system must allow for a controlled stop of a running process.,O
The application shall provide a user interface to manage API keys.,O
The platform shall display the current status of all running tasks.,O
The system must provide alerts for unauthorized access attempts.,O
The dashboard must show the system uptime and downtime history.,O
The system shall provide an operations dashboard displaying the health status of all services.,O
The application shall enable administrators to pause and resume specific background jobs from the control panel.,O
The platform shall support real-time monitoring of network traffic through an admin interface.,O
The system shall send SMS alerts to the operations team in case of system overload.,O
The application shall provide detailed error logs accessible via the administration console.,O
The system shall allow configuration changes without requiring a service restart.,O
The platform shall support centralized user session management.,O
The system shall display a timeline of operational events for incident analysis.,O
The application shall notify operators when scheduled maintenance is due.,O
The system shall allow live rollback of configuration changes.,O
The platform shall provide built-in diagnostic tests for hardware components.,O
The application shall log all administrative actions for audit purposes.,O
The system shall allow remote shutdown of individual modules from the control center.,O
"The platform shall display CPU, memory, and disk usage in a single monitoring view.",O
The application shall support real-time tracking of API request failures.,O
The system shall generate incident reports automatically after a service outage.,O
The platform shall allow filtering logs by severity level in the admin panel.,O
The application shall notify the operations team when disk space usage exceeds 90%.,O
The system shall allow enabling and disabling features dynamically from the admin interface.,O
The platform shall support live performance tuning without downtime.,O
The application shall store historical metrics for performance trend analysis.,O
The system shall support color-coded alerts for different severity levels.,O
The platform shall allow manual override of automated control systems.,O
The application shall allow exporting operational logs in CSV format.,O
The system shall provide a daily summary of operational statistics via email.,O
"The platform shall support configurable notification channels (email, SMS, webhook).",O
The application shall allow grouping monitored services by category.,O
The system shall provide a quick-search tool for log entries.,O
The platform shall automatically archive logs older than 90 days.,O
The application shall provide graphical charts of system load.,O
The system shall allow operators to schedule service restarts at predefined times.,O
The platform shall display active alarms in a prioritized list.,O
The application shall store snapshots of configuration states for recovery.,O
The system shall allow remote command execution for maintenance purposes.,O
The platform shall provide a dark mode for the monitoring interface.,O
The application shall automatically tag recurring alerts as low priority.,O
The system shall allow renaming monitored nodes without downtime.,O
The platform shall allow adjusting alert thresholds via a web interface.,O
The application shall include a map view showing geographic distribution of nodes.,O
The system shall support importing and exporting alert settings.,O
The platform shall record operator login and logout times.,O
The application shall allow defining escalation rules for incident notifications.,O
The system shall provide an interactive chart for historical error rates.,O
The platform shall allow creating custom dashboard widgets.,O
The application shall automatically disable inactive user accounts after 90 days.,O
The system shall allow filtering active alerts by affected subsystem.,O
The platform shall provide a built-in tool for log syntax highlighting.,O
The application shall display real-time database query counts.,O
The system shall allow pausing monitoring for maintenance windows.,O
The platform shall provide interactive filters for live metrics.,O
The application shall automatically restart services after crash detection.,O
The system shall allow grouping related alerts into a single incident.,O
The platform shall provide a timeline view for alert history.,O
The application shall notify operators when a monitored service recovers.,O
The system shall allow configuring maintenance blackout periods.,O
The platform shall display pending software updates for all components.,O
The application shall provide customizable themes for the control panel.,O
The system shall allow bookmarking specific monitoring views.,O
The platform shall automatically escalate unresolved incidents after 15 minutes.,O
The application shall allow testing alert channels from the admin console.,O
The system shall display hardware sensor data in real-time.,O
The platform shall allow defining multiple admin roles with different privileges.,O
The application shall provide search suggestions for log queries.,O
The system shall allow scheduled backups from the admin interface.,O
The platform shall allow disabling unused monitoring modules.,O
The application shall support tagging services for easier monitoring.,O
The system shall send weekly summaries of operational health to stakeholders.,O
The platform shall display failed login attempts in the dashboard.,O
The application shall allow attaching notes to incidents.,O
The system shall support exporting charts as PNG or PDF.,O
The platform shall display active maintenance tasks in a dedicated view.,O
The application shall allow cloning alert configurations between environments.,O
The system shall automatically remove stale monitoring data.,O
The platform shall allow setting default alert tones for different severity levels.,O
The application shall provide drill-down views from summary metrics to details.,O
The system shall support trend prediction based on historical metrics.,O
The platform shall allow adding custom data sources for monitoring.,O
The application shall allow bulk acknowledgment of alerts.,O
The system shall display uptime percentage for each monitored service.,O
The platform shall allow pinning important metrics to the top of the dashboard.,O
The application shall provide configurable retention periods for logs.,O
The system shall allow scheduling automated diagnostic tests.,O
The platform shall display the number of open incidents by priority.,O
The application shall allow exporting alert history to external systems.,O
The system shall provide a heatmap visualization of error occurrences.,O
The platform shall allow adjusting data refresh intervals.,O
The application shall automatically mute alerts during maintenance.,O
The system shall provide built-in help documentation for operators.,O
The platform shall allow defining custom alert severity levels.,O
The application shall allow renaming monitored metrics.,O
The system shall display system health in green/yellow/red indicators.,O
The platform shall allow grouping metrics by service dependencies.,O
The application shall provide quick links to troubleshooting guides.,O
The system shall allow hiding inactive alerts from the main view.,O
The platform shall send test alerts when new configurations are applied.,O
The application shall display real-time service response times.,O
The system shall allow creating temporary monitoring profiles for experiments.,O
The platform shall store backup copies of configuration files.,O
The application shall provide a maintenance mode indicator on the dashboard.,O
The system shall allow viewing operator activity history.,O
The platform shall allow uploading custom icons for monitored services.,O
The application shall provide customizable keyboard shortcuts in the admin panel.,O
The system shall allow adjusting font sizes in the monitoring interface.,O
The platform shall support multiple language options for operators.,O
The application shall store all operational settings in a versioned repository.,O
If projected  the data must be readable.  On a 10x10 projection screen  90% of viewers must be able to read Event / Activity data from a viewing distance of 30,US
If projected  the data must be understandable. On a 10x10 projection screen  90% of viewers must be able to determine that Events or Activities are occuring in current time from a viewing distance of 100,US
The product shall be intuitive and self-explanatory. 90% of new users shall be able to start the display of Events or Activities within 90 minutes of using the product.,US
The system shall be used by realtors with no training.,US
The system shall be intuitive and self explanatory.,US
The product shall be easy for a realtor to learn.,US
The product shall use symbols and words that are naturally understandable by the realtor community.,US
The product shall be installed by an untrained realtor without recourse to separately-printed instructions.,US
90% of untrained realtors shall be able to install the product on their device without printed instructions,US
The system shall be easy to use by the Program Administrators/Nursing Staff Members.,US
All of the users shall be able to use the system after one day of training.,US
The system shall help the user avoid making mistakes while scheduling classes and clinicals for the nursing students.,US
The number of mistakes noted by the students shall be decreased by 50% in the first year.,US
The system shall be intuitive to the Program Administrators/Nursing Staff Members.,US
2 out of 3 Program Administrators/Nursing Staff Members shall successfully be able to use the system to manage the scheduling of classes and clinicals.,US
The system shall use symbols and words that are naturally understandable by the user community.,US
The verbiage used within the system shall be consistent with Standard English and the terminology of the national Nursing Community.,US
The list of dispute cases that are displayed after a search is performed must be color coded for easy identification of dispute cases based upon the dispute case status.,US
100% of the cardmember and merchant services representatives shall use the Disputes application regularly after a 2-day training course.,US
100% of cardmember services representatives shall be able to successfully create a dispute case on the first encounter after completing the training course.,US
100% of merchant services representatives shall be able to successfully perform a follow up action on a dispute case on the first encounter after completing the training course.,US
The product shall be easy to use by Adjusters and Collision Estimators.  95% of Adjusters and Collision Estimators shall find the product easy to use.,US
The product shall increase productivity of Collision Estimators. 80% of the Collision Estimators shall agree their productivity has increase within 1 month of using the product.,US
Users shall feel satisfied using the product.  85% of all users will be satisfied with the product.,US
The product shall be easy to learn by Adjusters and Collision Estimators.  The product shall be learned with two days onsite training,US
The user shall easily locate instructions while using the product.  User help can be found within 90% of the system.,US
The product shall make the users want to use it. 80% of the users surveyed report they are regularly using the product after the first 2 weeks post-launch.,US
The product shall be easy to use. 90% of users will be able to successfully reserve a conference room within 5 minutes of product use.,US
The product shall give users feedback when necessary. 80% of the users surveyed report that the product accurately confirms their actions.,US
The product shall allow the user to select a chosen language from one of the target market countries.,US
The product shall allow for customization of start page and views preferences.,US
An employee will be able to successfully use the product within a few minutes.  After informally navigating the product for less than 15 minutes  users shall be able to successfully setup meetings and reserve conference rooms.,US
The product shall use a standard navigation menu familiar to most web users.,US
The product shall allow for intuitive searching of available conference rooms.,US
The product shall conform to the Americans with Disabilities Act.,US
A new user must be able to be added to the system within 10 minutes. 90% of new users are able to log into the system within 10 minutes.,US
Every registered user will have access to the product\92s support site via the Internet.  70% of registered users shall find a solution to their problem within 5 minutes of using the support site.,US
The product shall be translated into foreign languages other than the target market countries\92 languages in future releases.  For each emerging target market  it shall take no more than 5 days to configure the product for that market\92s language.,US
The product shall be able to display calendar dates and times according to the user\92s locale.  90% of survey respondents from each target market country will find that the date and time formatting of the product is correct.,US
The product should be able to be used by 90% of novice users on the Internet.,US
Users should only have to navigate through a maximum of 4 pages  to create an account with the website.,US
Users should be able to access their streaming movies in under 2 clicks after logging into the website.,US
An anonymous survey will show that 70% of customers are comfortable purchasing streaming movies after 2 weeks using the website.,US
An anonymous survey will show that 95% of customers are comfortable using and purchasing pre-paid cards after a month of using the system.,US
The product shall retain the customer\92s buying preferences and information.,US
The product shall be easy for customers with novice skills on the  Internet to purchase and watch streaming movies.  Customers should be able to purchase and watch a pre-determined movie in under 3 minutes.,US
The product shall use symbols and words that are naturally understandable by users familiar with websites,US
The website will use standard Internet conventions when interacting with the user.,US
The website will provide a help section with answers and solutions to common problems.,US
The product shall be intuitive and self-explanatory.  Nine out ten users shall be able to successfully complete a game with no training.,US
The product shall be available to players who understand English  Spanish and French.  The product shall allow the user to select the language upon accessing the product.,US
The system shall be easy to use by callers and supervisors. Callers and supervisors must be able to accomplish any system task within 2 minutes.,US
The system shall be easy to learn by callers and supervisors. Callers and supervisors shall learn how to use the system within 10 minutes.,US
The product shall provide Monitoring Services.The product shall be easy for System Administrators and DBAs to use after two weeks of usage.,US
The product shall provide Error Tracking Services.The product shall help the System Administrators and DBAs to resolve transaction errors 99% of the time.,US
The product shall provide Portals.The product shall help System Administrators to analyze the transactions with ad-hoc reporting and KPIs (Key Performance Indicators),US
The system must use a point and click interface. 100% of all selection and navigation functionality must be able to be activated/selected by either a mouse or a keyboard,US
The interface shall be easy to use. 90% of users should be able to successfully use the system to generate a report on their first use. The interface should adhere to IBM usability standards.,US
Reports must be easy to generate. Reports must be generated within one button click and exported within one button click (after selecting the report),US
A user shall be able to use the system without instruction after a short amount of time. After one use a user should understand and remember 90% of the system usage and navigation.,US
All CCR users shall receive training before the WCS system is deployed. One training session will be held for 100% of CCR users before system deployment (based on a CCR user being available),US
The WCS system shall use appropriate nomenclature and terminology as defined by the Corporate Community Grants organization. All interfaces and reports will undergo usability tests by CCR users.,US
A new user shall be able to navigate through the league and team pages within 30 seconds of reaching the start-up page.,US
Users shall be able to reach the \91add\92  \91drop\92  and \91trade player\92 pages with one click from the team owner\92s page.,US
Users shall be able to view at least 25 NFL player statistics and points on each page.,US
The application shall ask the user to confirm dropping a player or trading a player before performing the action.,US
The users should be able to easily use the system to successfully complete their budgets  within the stipulated time for completion. With a week of training prior to product implementation  98% of the users shall complete their budgets within the stipulated time.,US
The system shall have a help system that offers tips and explanation for each screen and each item on the screens upon demand.,US
The system must be easy to use by both managers and chefs such that they do not need to read an extensive amount of manuals.,US
The system must be quickly accessible by both managers and chefs.,US
The system must be intuitive and simple in the way it displays all relevant data and relationships.,US
The menus of the system must be easily navigable by the users with buttons that are easy to understand.,US
95% of users will not need to read the user manual to be able to use the application.,US
The system shall allow the user to scroll the campus map from the campus map tab.,US
The system shall provide a way to return to the startup screen.,US
The system should need to be entirely self-supporting since the users would be using it only to register courses.,US
The system shall provide a digital image for each product in the product catalog.,US
The system shall provide use of icons and toolbars.,US
The system shall provide handicap access.,US
The system shall provide multi language support.,US
The system shall confirm all transactions with the customer's web browser.,US
The user interface of the system should be very user friendly. ,US
It should not take more than 120 seconds for a new user to register for an account.,US
It should not take more than 90 seconds for a registered user to place an order.,US
"The website shall be user-friendly, easily navigable, and include a site map. Users must be able to find desired information without difficulty.",US
The system shall provide on-screen guidance and contextual help such that users can complete common tasks without external documentation.,US
Users shall be able to complete the registration process without prior training or assistance in under 3 minutes.,US
The interface shall use consistent iconography and layout patterns to reduce the learning curve for new users.,US
The system shall provide tooltips and in-line explanations for all non-obvious controls and features.,US
The application shall offer keyboard shortcuts for all major actions to improve efficiency for experienced users.,US
The system shall support WCAG 2.1 Level AA accessibility guidelines for color contrast and keyboard navigation.,US
"Users shall be able to customize the dashboard layout to suit their preferences, increasing task efficiency.",US
"The help system shall include searchable documentation, FAQs, and interactive tutorials for new users.",US
The product shall provide immediate feedback after form submissions to inform the user of success or failure.,US
The system shall allow users to undo and redo recent changes in editable fields to prevent data loss.,US
Onboarding tutorials shall guide new users through the main features of the system upon first login.,US
The application shall highlight required form fields and provide clear messages if any are incomplete.,US
The system shall allow users to bookmark frequently used pages or reports for quick access.,US
Users with visual impairments shall be able to operate the application using screen readers without loss of functionality.,US
The product shall allow users to switch between light and dark modes based on their visual preferences.,US
The application shall offer autosave functionality in data entry forms to prevent loss of work due to session timeout.,US
The interface shall be logically structured such that novice users can find and use main features without external help.,US
"The system shall support multilingual interfaces, starting with English, Spanish, and French, to support diverse user bases.",US
The application shall log user errors and offer corrective suggestions or links to help topics in real-time.,US
The system shall provide a simplified version of the interface for casual or infrequent users.,US
Each major feature shall include an optional demo mode that allows users to practice tasks in a sandbox environment.,US
User satisfaction surveys shall be embedded into the application and be accessible after completing major workflows.,US
The application shall support high DPI displays and dynamically scale interface elements without distortion.,US
The system shall highlight unsaved changes before a user navigates away from a form or closes the tab.,US
The product shall allow visually impaired users to increase font sizes and spacing via accessibility settings.,US
Voice control support shall be integrated for users with motor impairments to complete basic navigation tasks.,US
The login page shall remember device preferences and provide streamlined access for repeat users.,US
The system shall include a feedback mechanism that allows users to report confusing elements in the UI.,US
The application shall allow experienced users to disable tooltips and guidance to streamline their workflows.,US
The system shall use plain language labels and avoid technical jargon where possible in the UI.,US
The interface shall be designed to support one-handed use on mobile devices without sacrificing functionality.,US
"The system shall automatically detect and adjust to the user's timezone, locale, and date format.",US
Form validation shall provide real-time feedback and suggest corrections where appropriate.,US
Users shall be able to change language settings at any time without needing to log out and back in.,US
The application shall include a color-blind-friendly mode with accessible palette choices.,US
The product shall highlight changes made to a record during the current session to help users track modifications.,US
The system shall offer optional guided tours for each new feature upon release.,US
The interface shall provide breadcrumb navigation to help users understand their location within the application.,US
The system shall provide a visual progress indicator for multi-step processes such as registration or checkout.,US
"Help documentation shall be available in multiple formats, including text, video, and downloadable PDF guides.",US
The user interface shall avoid clutter and present only relevant controls based on user context.,US
The application shall provide a preview mode before committing to critical actions like deletion or submission.,US
The system shall allow users to collapse or expand sidebar menus to adjust workspace based on their preferences.,US
The product shall be operable with assistive technologies such as voice-to-text and screen magnifiers.,US
"The application shall warn users before logging out due to inactivity, allowing them to extend the session.",US
The user interface shall indicate loading states clearly to prevent repeated input from impatient users.,US
The system shall allow users to export data in common formats like CSV or PDF without additional plugins.,US
"Feedback messages shall use color, icons, and descriptive text to ensure clarity for all user types.",US
The application shall provide confirmation dialogs for actions that have significant consequences.,US
"The system shall display help content based on user role, ensuring relevance and reducing cognitive load.",US
The product shall support tabbed browsing of content within the same session to facilitate multitasking.,US
The application shall highlight interactive elements such as buttons or links on hover to aid discoverability.,US
"The system shall maintain UI consistency across platforms (web, mobile, tablet) to reduce relearning effort.",US
The application shall provide usage statistics to system administrators to help improve usability over time.,US
The product shall allow users to toggle interface text size without affecting layout integrity.,US
The system shall include a glossary of domain-specific terms accessible from any page.,US
The interface shall adapt its layout based on screen resolution and device type to maintain readability.,US
"The application shall use intuitive symbols and labels for key actions like save, delete, and edit.",US
The system shall offer customizable user profiles that save layout and theme preferences.,US
The interface shall support drag-and-drop functionality for rearranging items in lists or dashboards.,US
"The system shall prioritize accessibility and usability in all updates, following UX design best practices.",US
The application shall require no more than three clicks to access any primary feature from the homepage.,US
"The product shall support mouse, keyboard, and touch inputs interchangeably for all controls.",US
The system shall retain filter and search settings between sessions to reduce redundant effort.,US
The user interface shall avoid modal dialogs that interrupt workflow unless absolutely necessary.,US
The application shall provide a progress summary at the end of lengthy workflows to confirm task completion.,US
The system shall provide role-based interfaces that show only the controls and data relevant to the current user.,US
The interface shall clearly differentiate between read-only and editable fields to avoid confusion.,US
The application shall ensure adequate whitespace and line spacing for readability across all text content.,US
The product shall support voice narration of instructions and key messages for visually impaired users.,US
The system shall include smart defaults for form fields based on user history or context.,US
The application shall display confirmation banners after critical actions instead of redirecting to new pages.,US
The interface shall allow users to filter large lists with smart search and type-ahead functionality.,US
The product shall use consistent placement for navigation elements across all pages to avoid user disorientation.,US
The system shall alert users to validation errors before submitting a form rather than after.,US
"The product shall support theme customization, allowing users to change font, color scheme, and layout spacing.",US
The system shall log failed login attempts and offer guidance for account recovery in simple language.,US
The application shall allow users to switch between compact and expanded view modes for dense or detailed content.,US
The product shall offer recommendations and tips based on recent user behavior to improve usability.,US
The system shall present critical alerts at the top of the screen with persistent visibility until resolved.,US
The application shall ensure that all interactive elements are at least 44x44 pixels in size to meet touch target guidelines.,US
The interface shall avoid horizontal scrolling on standard screen sizes to enhance readability.,US
The system shall use progressive disclosure to reveal advanced features only when needed.,US
The application shall enable quick navigation to the last viewed item or page upon login.,US
"The interface shall group related functions logically using panels, tabs, or collapsible sections.",US
"The system shall use plain, user-friendly error messages that clearly describe the issue and suggest solutions.",US
The application shall allow users to set personal accessibility preferences that persist across sessions.,US
The product shall allow text-to-speech support for all system-generated messages and labels.,US
"The system shall allow users to change color themes to suit individual needs, including high-contrast options.",US
The interface shall provide subtle animations to confirm user actions without being distracting.,US
The system shall include a 'What's New' section to highlight recent changes and how to use them.,US
The application shall support contextual search within each module to help users quickly locate features.,US
The product shall be designed with mobile-first principles to ensure full usability on smartphones.,US
The interface shall adapt to user's language preferences automatically based on browser settings.,US
The system shall allow users to preview documents and images inline without downloading them.,US
The system shall provide tooltips and contextual help icons on all user input fields to assist novice users during form completion.,US
The interface shall allow users to personalize their dashboard layout and save preferences for future sessions.,US
The system shall include keyboard shortcuts for all primary actions to improve efficiency for experienced users.,US
"The user interface shall support high contrast themes for visually impaired users, adhering to WCAG 2.1 Level AA.",US
"The application shall provide instant visual feedback (e.g., progress bars or spinners) when a user submits a form.",US
The system shall highlight required fields in forms and display clear error messages when inputs are invalid.,US
The help documentation shall include step-by-step tutorials and video guides accessible directly from the main menu.,US
"The system shall display form validation errors in real-time as the user types, reducing submission mistakes.",US
The application shall offer a guided tour for first-time users to explain the core functionality.,US
The system shall allow users to undo and redo actions within the editing interface to reduce the impact of accidental changes.,US
The platform shall provide customizable font size and color scheme settings for users with different visual needs.,US
The system shall support voice control for basic navigation and interaction for accessibility purposes.,US
The system shall include a search bar that supports keyword suggestions and autocorrection to assist users in finding content.,US
The product shall require no more than three clicks to access any primary feature from the home screen.,US
The system shall log user activity to allow administrators to identify areas of usability improvement based on behavior.,US
The software shall present confirmation prompts before executing any destructive actions such as deletions.,US
The system shall automatically save user progress during form completion to prevent data loss.,US
The interface shall support tab-based navigation and focus indicators for users relying on keyboard input.,US
The application shall provide a simplified mode that hides advanced features for novice users.,US
The system shall support drag-and-drop functionality for managing user content such as files or layout elements.,US
The help system shall be searchable and categorized by topic for quick reference.,US
The product shall offer an error recovery mechanism that allows users to restore previous versions of their work.,US
The system shall include visual aids such as icons and infographics to help users interpret data dashboards.,US
The login page shall provide a ‘show password’ option to reduce input errors.,US
The platform shall remember frequently used user settings and suggest them in future sessions.,US
The system shall notify users of changes to their data or permissions via clear in-app alerts.,US
The user interface shall display the estimated time required for long-running tasks.,US
The system shall support multilanguage interfaces with the ability to switch languages from any screen.,US
The system shall guide users through complex workflows using step indicators and brief instructions.,US
The software shall avoid jargon and use terminology familiar to the target user base.,US
The interface shall be responsive and adapt fluidly to various screen sizes and orientations.,US
The platform shall include breadcrumb navigation to help users understand their current location within the system.,US
The system shall provide consistent labeling and iconography to reduce confusion across modules.,US
The application shall allow users to bookmark or pin frequently accessed resources for quick access.,US
The user interface shall highlight the most commonly used features on the main navigation panel.,US
"The application shall provide clear indicators of successful or failed actions (e.g., checkmarks, error banners).",US
The system shall limit the amount of text displayed per screen to improve readability and reduce cognitive load.,US
"The software shall allow users to adjust notification frequency and channels (email, SMS, in-app).",US
The platform shall allow users to preview documents before submission or upload.,US
The system shall include a consistent breadcrumb trail that updates dynamically as users navigate.,US
"The product shall provide a quick-start guide upon initial login, highlighting core tasks.",US
The interface shall support collapsible sections to reduce visual clutter on pages with many options.,US
The system shall include an optional dark mode to reduce eye strain during extended use.,US
The application shall offer auto-complete suggestions when entering commonly used text or data.,US
The software shall use non-intrusive popups to notify users of non-critical updates.,US
The system shall allow users to report usability issues directly through the interface.,US
The platform shall allow switching between mouse and touch input modes seamlessly.,US
The application shall provide examples or placeholders in input fields to guide correct formatting.,US
The user interface shall be designed to minimize the need for training for basic tasks.,US
The system shall allow each user to choose a preferred home page or landing module.,US
The customer shall be able to easily integrate new building maps with the product throughout the product\92s lifecycle.,US
The interface shall be visually appealing to end users and supervisors; 80% of beta testers must confirm appeal.,US
The product shall ensure that it can only be accessed by authorized users.  The product will be able to distinguish between authorized and unauthorized users in all access attempts,SE
Only registered realtors shall be able to access the system.,SE
Every user of the system shall be authenticated and authorized.,SE
The product shall prevent its data from incorrect data being introduced.,SE
Only authorized users shall have access to clinical site information.,SE
Program Administrators/Nursing Staff Members are the only people who shall have access to clinical site details.,SE
Only authorized users shall have access to students\92 personal information.,SE
Dr Susan Poslusny and Dr Julie Donalek are the only people who shall have access to students\92 personal information.,SE
Only authorized users shall have access to the portion of the system that interfaces with CampusConnect.,SE
Fit Criterion: Dr Susan Poslusny and Karen Sysol are the only people who shall have access to the final class section scheduling for the system that interfaces with CampusConnect.,SE
The system shall have basic data integrity checking to reduce the possibility of incorrect or invalid data being introduced.,SE
The system shall protect private information in accordance with the organization\92s information policy.,SE
The system shall be built such that it is as secure as possible from malicious interference.,SE
The system shall use the organization\92s standard virus protection software to help monitor threats to itself.,SE
The Disputes application shall ensure that only users with the appropriate access level are allowed to initiate dispute requests.,SE
Only users with Update access must be able to initiate dispute requests.,SE
The Disputes application shall ensure that only authorized users are allowed to logon to the application.,SE
All authorized users  once authenticated must be able to logon to the Disputes System,SE
The Disputes System shall generate a User Report that details any new users that have been added and any changes to an existing user\92s access level. The report will be reviewed for auditing purposes.,SE
All additions of new users and modifications to user\92s access shall be recorded on the User Report.,SE
If a user account is revoked  it can only be re-instantiated by the System Administrator.,SE
Only the System Administrator shall be able to reset a revoked user logon account,SE
The Disputes application shall manipulate and view business data. Users will not have direct access to data files or databases.,SE
All updates to data files or database must be initiated from the Disputes System.,SE
Only adjusters can request recycled parts audit reports. No users without an adjuster role shall request recycled parts audits.,SE
Only adjusters with a supervisor role can update preferred repair facility ratings. Users without the supervisor role cannot access the repair facility ratings.,SE
Only collision estimators shall search for recycled parts.  Users without the collision estimator role shall not have access to the search for recycled parts.,SE
Only valid data shall be entered into the system. No invalid data shall be entered into the system.,SE
One insurance company shall not be able to view another insurance companys claim data.,SE
The product shall free of computer viruses.,SE
The system shall prevent malicious attacks including denial of service.,SE
The product shall ensure that only company employees or external users with company-approved user IDs may have product access.  100% of all logons shall be by either company employees or external users with company-approved user IDs.,SE
Only managers are able to perform search queries for reservations by user.  100% of all search queries for reservations by user shall be from logons of only management logons.,SE
The product shall ensure that the database\92s data corresponds to the data entered by the user.  Each conference room reservation in the system will contain the same information as was entered by the user.,SE
The product shall prevent the input of malicious data.  The product and/or adjacent hardware/software systems\92 data shall remain 100% uncorrupted each time malicious data is input into the product.,SE
The product shall have the ability to receive automatic software updates as new threats emerge. 100% of customers will be able to receive automatic software updates transmitted to the installed product.,SE
The System shall maintain consistent security.  Any changes in user passwords and/or permissions should take affect in all parts of the System.,SE
The System shall granularly control access rights to all major subsystems.  It should be possible to assign access rights to all subsystems independently.,SE
All credit card information will be secured on the server  and only accessible by authorized Izogn administrators.  Information will be encrypted in the database.,SE
Only registered customers can purchase streaming movies.,SE
A customer can only stream a movie if they purchased it  and are within the 2 day viewing period.,SE
Only authorized personnel can access customer records in the database.,SE
Only administrators can activate a pre-paid card.,SE
Only authorized personnel can access sales information.,SE
The website shall prevent its data from being corrupted when incorrect data is entered in.,SE
The website shall protect itself from intentional abuse  and notify the administrator at all occurrences.,SE
Data integrity scripts will be run on a weekly basis to verify the integrity of the database.,SE
The website shall make its user aware of its information practices before collection data from them via a Privacy Policy  accessible on all pages of the website.,SE
The system shall notify customers of changes to its information policy.,SE
The system shall reveal private information only in compliance with the organization\92s information policy.,SE
All customer information will be stored on a secure database  accessible only to authorized personnel.,SE
All credit card information will be encrypted in the database.,SE
The streaming server will have anti-virus software to prevent infection of malicious viruses.,SE
The product shall provide players no access to information that might reveal the identity of another player,SE
The product shall ensure that only supervisors can advertise empty time slots.The product must ensure that supervisors are allowed to access advertise empty time slots.,SE
The product shall ensure that only supervisors can enter a caller\92s schedule.The product must ensure that supervisors are allowed to access advertise empty time slots.,SE
The product shall ensure that only supervisors can view schedule of all callers.The product must ensure that supervisors are allowed to access advertise empty time slots.,SE
The product shall have security.The product shall provide authentication  and authorization.,SE
The product shall information Security. The product shall enable privacy by encryption WS-Security and Integrity Checking.,SE
The product shall have audit capabilities.The product shall store messages for a minimum of one year for audit and transaction tracking purposes.,SE
The system shall only be accessed by authorized Corporate Community Grants (CCR) employees. Users must be authenticated using their IBM intranet user name and password.,SE
The WCS system shall not allow automatic logins by any user. Cookies containing WCS login information about a user will not be stored on a user\92s computer.,SE
Each team owner will need to use a username and password in order to be authenticated to reach the team owner\92s page,SE
The Commissioner will be the only authorized user per league to adjust league settings.,SE
Only authorized user shall access the RFS system. ONLY users that exist in the UAS system  with the RFS system assigned to their role(s)  shall access the RFS system and use it.,SE
User access should be limited to the permissions granted to their role(s) Each level in the PCG hierarchy will be assigned a role and users will be assigned to these roles. Access to functionality within RFS system is dependent on the privileges/permission assigned to the role..,SE
All network transactions that involve financial information or personally identifiable information shall be encrypted.,SE
Patrons shall log in according to the restricted computer system access policy.,SE
Only users who have been authorized for home access to the corporate Intranet may use the COS from non-company locations.,SE
System security and access levels are provided in the online system. There are varying levels of system access and functional authority. Each student's access is limited to his/her own registration records. Only authorized system administrator(s) has access to all student registration records.,SE
A waiter password used for tablet login must have a bit-strength of at least 64 bits.,SE
A waiter password used for tablet login must be changed every three months.,SE
A waiter shall only be able to log into one tablet at any given instance of time.,SE
A waiter that attempts to log into a second tablet while already logged into another tablet shall be rejected and notified through both tablets.,SE
A display shall not require a user to log in.,SE
A surface computer shall not require a user to log in.,SE
A tablet shall require a user to log in using a username and password.,SE
System will use secured database.,SE
Unauthorised users can only read data without modifying anything.,SE
Information transmission should be securely transmitted to server without any changes in information.,SE
All transactions at the Flea Market require a valid user ID and password.,SE
Secure data transfer over the Internet could be provided using SSL encryption that will be configured by the host system administrator.,SE
The IP addresses where the transaction was made from will be logged.,SE
User passwords will be stored in the database in an encrypted format.,SE
The application must log the user out when it is exited.,SE
A correct combination of username and password is required for a user to login.,SE
Logout must be automatic after 1 hour of inactivity.,SE
Full data backups must be created daily.,SE
Each account must securely store all of its data.,SE
The system use SSL (secured socket layer) in all transactions that include any confidential customer information.,SE
The system must automatically log out all customers after a period of inactivity.,SE
The system should not leave any cookies on the customer's computer containing the user's password.,SE
The system's back-end servers shall only be accessible to authenticated administrators.,SE
Sensitive data will be encrypted before being sent over insecure connections like the internet.,SE
Everyone (stakeholders and guests) can have access to the system and the catalogue. Every client must have secure and private access to his/her data. The  and the service man can have access to every part of the system. All these accesses require identification through ID and password.,SE
The system will develop a security system that will reduce to the minimum the possibility of corruption from systems and/or humans.,SE
The software system needs a robust security mechanism in place so that unauthorized users are not allowed access to parts of the system.,SE
Each user shall either be trusted or not trusted.,SE
Every user of the software is provided a unique login ID and a password which is stored in the database hashed by SHA2 algorithm.,SE
System use shall not cause any harm to human users.,SE
System will use secured database,SE
Normal users can just read information but they cannot edit or modify anything except their personal and some other information.,SE
System will have different types of users and every user has access constraints.,SE
Customers must have a valid login id to enter into the site.,SE
The data transaction between client and server must be encrypted using SSL technology.,SE
All the passwords that are generated or accepted must be stored in database in an encrypted form.,SE
To prevent attacks the system should generate random word and ask the user to enter it correctly for multiple tryings.,SE
All users of the system shall login using some form of unique identification.,SE
All login attempts shall be done so in a secure manner.,SE
The system shall utilize HTTPS communication to ensure data confidentiality.,SE
User authentication and privileges are defined outside the scope of the sytem by the Microsoft Active Directroy Server.,SE
Personal information security is defined outside the scope of the SDMS by the database server.,SE
Users shall be required to log into the system for all operations except the operations on the login page.,SE
The system shall use secure sockets in all transactions that include any confidential customer information.,SE
The system shall automatically log out all customers after a period of inactivity.,SE
The system shall not leave any cookies on the customer's computer containing the user's password.,SE
The system shall not leave any cookies on the customer's computer containing any of the user's confidential information.,SE
The customer's web browser shall never display a customer's password.  It shall always be echoed with special characters representing typed characters.,SE
The customer's web browser shall never display a customer's credit card number after retrieving from the database.  It shall always be shown with just the last 4 digits of the credit card number.,SE
The system's back-end servers shall never display a customer's password.  The customer's password may be reset but never shown.,SE
The system's back-end databases shall be encrypted.,SE
The system will use a single password per user to login to the E-Store System.,SE
The system shall use secure socket layer (SSL) technology to ensure all payments made online and user logins are secure.,SE
A secure server will be required to ensure confidentiality of customer's credit card and other details.,SE
The website must provide highest degree of security to the registered users. All the transactions that are made must be secured. The sensitive information passed to and from the website must be secured. Identity theft and other security related issues must be solved.,SE
Unauthorized transmission of sensitive information of the user to third party websites for reference must be avoided. On the basis of user agreement the information must be processed. All the information about the registered user must be securely stored in the central database.,SE
The system shall enforce two-factor authentication for all administrative users.,SE
The application shall log all failed login attempts and alert the system administrator after five consecutive failures.,SE
Sensitive user data shall be encrypted both in transit and at rest using industry-standard encryption protocols.,SE
The system shall automatically log out users after 15 minutes of inactivity.,SE
Access to financial records shall be restricted to users with the 'Finance' role.,SE
"The product shall ensure password complexity requirements, including a minimum length of 12 characters and use of alphanumeric and special characters.",SE
The application shall prevent SQL injection through parameterized queries and input sanitization.,SE
The system shall verify the authenticity of all API requests using secure tokens.,SE
"Users shall only be allowed to reset passwords through a secure, email-based token system.",SE
"The application shall store all audit logs in a secure, write-once format.",SE
The product shall enforce access restrictions based on the principle of least privilege.,SE
User sessions shall be terminated immediately after logout or upon detection of suspicious activity.,SE
System configuration changes shall be allowed only for authenticated users with administrator privileges.,SE
The system shall encrypt all cookies and use the HttpOnly and Secure flags.,SE
The application shall limit file upload sizes and validate file types to prevent malicious file uploads.,SE
Failed login attempts shall be temporarily locked after five unsuccessful tries within a 10-minute window.,SE
The application shall provide CAPTCHA verification on public-facing login pages.,SE
User credentials shall never be stored in plain text.,SE
"All user actions, including data modifications and access attempts, shall be logged for auditing.",SE
The product shall provide role-based access control for different user levels.,SE
The system shall restrict access to sensitive configuration files.,SE
Users shall be required to change their password every 90 days.,SE
The application shall validate all user input to prevent cross-site scripting (XSS) attacks.,SE
The system shall provide administrators with tools to monitor access logs for anomalies.,SE
Security patches shall be applied within 48 hours of their release.,SE
The product shall prevent simultaneous logins from different IP addresses for the same account.,SE
The system shall alert users of unusual login locations.,SE
Password reset tokens shall expire within 15 minutes of issuance.,SE
The application shall provide a secure login page with SSL encryption.,SE
The system shall not expose internal stack traces to end users in case of errors.,SE
The application shall restrict access to its API using API keys with defined scopes.,SE
The product shall not allow re-use of the previous five passwords.,SE
The application shall use rate limiting on login endpoints to prevent brute force attacks.,SE
The system shall isolate administrative interfaces from public access.,SE
Access tokens shall be scoped and time-limited.,SE
All security configurations shall be tested during deployment and monitored regularly.,SE
The application shall prevent access to deprecated or unused endpoints.,SE
The system shall require re-authentication before accessing high-risk operations such as financial transactions.,SE
Data exports shall only be permitted for authorized roles and logged accordingly.,SE
Sensitive user information shall be redacted from error logs and debugging information.,SE
The application shall alert administrators of excessive failed authorization attempts.,SE
Third-party libraries shall be vetted and monitored for known vulnerabilities.,SE
The system shall enforce secure default configurations upon installation.,SE
The system shall block requests from known malicious IP addresses.,SE
User roles and permissions shall be reviewed periodically to ensure compliance.,SE
Accounts shall be disabled after 90 days of inactivity.,SE
Public APIs shall be secured through OAuth 2.0 or equivalent protocols.,SE
All database queries shall undergo validation to prevent injection attacks.,SE
Administrator sessions shall expire after 10 minutes of inactivity.,SE
The application shall provide access logs to end users upon request.,SE
The system shall support multi-tier access restrictions within the same role.,SE
Encrypted backups shall be created and stored securely off-site.,SE
The product shall require a security question verification in addition to password recovery.,SE
Users shall be notified by email upon login from a new device.,SE
The application shall prevent insecure content from being loaded on HTTPS pages.,SE
The system shall prevent privilege escalation by validating user permissions for every action.,SE
The application shall protect session tokens from being exposed in URLs.,SE
All security settings shall be configurable only by authorized personnel.,SE
The product shall maintain an internal list of security exceptions with justifications.,SE
The system shall verify the integrity of downloaded files using checksums.,SE
The application shall enforce account lockout for accounts showing suspicious access patterns.,SE
The product shall allow the user to view and revoke previously issued session tokens.,SE
The application shall prevent direct access to internal resources from unauthenticated users.,SE
The system shall require signed certificates for internal service communications.,SE
The application shall provide a security dashboard for real-time threat monitoring.,SE
Access to encryption keys shall be strictly limited and audited.,SE
The application shall detect and block common web vulnerabilities based on OWASP Top 10.,SE
The system shall require user confirmation before executing any action that affects multiple records.,SE
The application shall offer a secure password generation tool during account creation.,SE
The system shall enforce secure transport for all internal microservice communications.,SE
The product shall retain audit logs for a minimum of one year.,SE
The system shall periodically prompt users to review their account permissions.,SE
The application shall display a warning message before navigating to external links.,SE
The product shall provide detailed error codes without exposing sensitive backend logic.,SE
The application shall restrict access to beta or development features using feature flags.,SE
The system shall detect and prevent replay attacks through nonce-based verification.,SE
"Security-critical changes, such as role assignments, shall require approval by a second administrator.",SE
The system shall support federated identity providers for secure SSO access.,SE
The application shall notify users when their password has been changed.,SE
The system shall encrypt communications between the client and server using TLS 1.2 or higher.,SE
The application shall require users to confirm email addresses before account activation.,SE
The system shall automatically revoke access tokens after password changes.,SE
Security configurations shall be reviewed and signed off before every major release.,SE
The application shall restrict administrative actions to secure VPN connections.,SE
The system shall alert users when their account is accessed from a new geographic region.,SE
The application shall provide an audit trail for data exports and deletions.,SE
The system shall reject requests with malformed headers or suspicious payloads.,SE
The product shall require justification for any manual override of access control rules.,SE
The application shall monitor and throttle suspicious API traffic patterns.,SE
The system shall provide temporary guest access with expiration dates.,SE
The application shall validate digital signatures on uploaded documents.,SE
The system shall support anomaly detection for identifying potential breaches.,SE
The product shall log all configuration changes along with user identity and timestamp.,SE
The system shall support recovery of user data without compromising security.,SE
The application shall not allow CORS requests from untrusted domains.,SE
The system shall implement HSTS headers to enforce secure HTTPS access.,SE
The application shall reject weak or default administrative credentials during setup.,SE
The product shall notify security personnel of unauthorized configuration access.,SE
The system shall automatically disable accounts involved in confirmed data breaches.,SE
The application shall use token rotation to minimize the risk of session hijacking.,SE
The system shall use checksum validation when importing external files or data.,SE
The product shall include a security FAQ and guidelines for best practices.,SE
The system shall restrict access to APIs based on IP whitelisting.,SE
The application shall require user consent before enabling location tracking features.,SE
The system shall use a centralized authentication mechanism for all services.,SE
The product shall verify that files uploaded to the system are scanned for malware.,SE
The system shall allow administrators to define and enforce custom password policies.,SE
The application shall detect and prevent cross-site request forgery (CSRF).,SE
The product shall verify that expired tokens cannot be reused.,SE
The application shall log security-related configuration changes with user context.,SE
The product shall reject connections using outdated or vulnerable cryptographic protocols.,SE
The system shall notify users when their account is used to download large data volumes.,SE
The application shall automatically detect and isolate compromised user sessions.,SE
The system shall enforce encryption for all inter-service communication within the infrastructure.,SE
The application shall support user-controlled session termination across devices.,SE
The system shall have a MDI form that allows for the viewing of the graph and the data table.,F
The system shall display Events in a vertical table by time.,F
The system shall display the Events in a graph by time.,F
The system shall display Events or Activities.,F
The data displayed in both the nodes within the graph and the rows in the table are MSEL Summary data,F
The table side of the display shall be split into 2 regions: sequential and temporal.,F
The system shall color code events according to their variance from current time.,F
The system shall display data from the Sync Matrix 1.0 and Exercise Management Tool 1.0 applications,F
The system shall allow modification of the display.,F
The system shall filter data by: Venues and Key Events.,F
The system shall allow a user to define the time segments,F
The system shall display the local and exercise time in separate clocks,F
The system shall offer the ability to pause and resume the refresh of data.,F
The system shall provide charts for the Activity or Event actual versus assumed time.,F
The system shall provide a history report of changes made to the Activity or Event data,F
The system shall allow a real estate agent to query MLS information,F
The system shall display clear property images in the search results,F
The system shall update or create new property listings in the MLS,F
The realtor shall be notified of new client appointments after automatic synchronization with office system,F
The realtor shall be able to retrieve a map showing property locations for a specified area,F
The product shall allow the user to save the property search results.,F
A cohort shall be associated to one Program of Study offered by the department.,F
Program Administrators and Nursing Staff Members shall be able to add a listing of students to a cohort.,F
Program Administrators and Nursing Staff Members shall be able to add a single student to a cohort,F
Students added to a cohort shall be eligible for the cohort\92s Program of Study.,F
Program Administrators and Nursing Staff Members shall be able to add new classes to a sequence of classes,F
A non-clinical class shall specify the course name  lecture room requirements  and instructor needs.,F
Program Administrators/Nursing Staff Members shall be able to create a new Program of Study.,F
Program Administrators and Nursing Staff Members shall have the ability to specify which classes are required for a Program of Study,F
Classes for a given cohort shall not conflict with regards to the time and day that they are offered.,F
The system shall allow a Program Administrator or Nursing staff member to remove a student from a clinical lab section.,F
A Program Administrator/Nursing Staff Member shall be able to add a new nursing student to the system.,F
The Disputes System must prevent users from accessing any dispute cases that do not belong to their cardholder base.,F
The Disputes System must provide different levels of access with regard to disputes case initiation and follow-up actions.,F
The Disputes System shall provide view access capability for authorized users of the application.,F
The Disputes System shall provide update access capability for authorized users of the application.,F
The Disputes System shall prevent the creation of duplicate dispute requests 100% of the time.,F
The Disputes System must provide the ability to view existing dispute cases.,F
All letter requests must be formatted according to guidelines specified by the Print Letter Utility system.,F
Any disputes cases that have been closed for over 6 months must be purged from the online disputes database.,F
The user shall search for the preferred repair facility using vehicle  vehicle location  and radius in miles,F
The vehicle data shall include vehicle year make and model,F
The vehicle location shall include street address city state and zipcode,F
The system shall resolve the zipcode for the street address  city  and state if zipcode is unknown.,F
The search radius shall be between 1 and 30 miles,F
The system shall locate the preferred repair facility with the highest ratings for the input criteria,F
The adjuster shall enter the preferred repair facility on the estimate assignment.,F
The adjuster shall be able to override the preferred repair facitlity on the estimate assignment.,F
The preferred repair facility shall be returned to the user.,F
The estimator shall search for available recycled parts using damaged vehicle parts information.,F
The estimator shall search for available recycled parts using a list of preferred parts suppliers.,F
The system shall search for available recycled parts for the supplied vehicle parts and suppliers.,F
The system shall retain the available recycled parts and suppliers returned from the search.,F
The available recycled parts information and their suppliers shall be returned to the user.,F
The estimator shall apply selected recycled parts to the collision estimate.,F
The estimator shall not apply recycled parts to the collision estimate if no available parts are returned.,F
The adjuster shall review the collision estimate.,F
The adjuster shall request a recycled parts audit of the collision estimate.,F
The recycled parts search results provided to the estimator shall be retrieved by the system.,F
The system shall generate an audit report based on the available recycled parts and the collision estimate.,F
The audit report shall include the total number of recycled parts used in the estimate.,F
The audit report shall include the number of available recycled parts from the original search results.,F
The audit report shall include the percentage of available recycled parts used in the estimate ,F
The audit report shall include the total score of the audit which sums the indivual line items.,F
The audit report shall be displayed to the user.,F
The audit report shall be available to other adjusters at later points in time.,F
The user shall select to view the preferred repair facility ratings.,F
The current repair facility ratings shall be displayed to the user.,F
The system will display a blank set of ratings if there are not ratings yet defined.,F
The user shall enter new ratings based on the audit report,F
The ratings shall be from a scale of 1-10,F
The ratings shall include categories for attempted use of recycled parts and actual use of recycled parts,F
The user shall select to save the preferred repair facility ratings.,F
The preferred repair facility ratings shall be saved by the system.,F
The product shall record meeting entries.,F
The product will notify employees of meeting invitations.,F
The product shall have the ability to send meeting reminders to employees.,F
The product shall assign the organizers contact information to each meeting they create.,F
The product will record meeting acknowledgements.,F
The product shall store new conference rooms.,F
The product shall update existing conference rooms.,F
The product will be able to delete conference rooms.,F
The product shall be able to store new room equipment.,F
The product will update existing room equipment.,F
The product shall be able to delete room equipment.,F
The product shall allow an organizer to invite other employees to meetings.,F
The product shall record the transportation status of equipment reserved.,F
The product shall display a map of the company building showing conference room locations.,F
The product shall record updated meeting agendas.,F
The product shall send a meeting confirmation to the meeting organizer.,F
The product shall display room equipment according to search parameters.,F
The product shall display conference rooms according to search parameters.,F
The product shall record different meeting types.,F
The product shall record all the equipment that has been reserved.,F
The product shall notify building personnel of equipment transport requests.,F
The product will allow priviledged users to view meeting schedules in multiple reporting views.,F
The product shall be able to send meeting notifications via different kinds of end-user specified methods.,F
The product shall have a customizable Look and Feel.,F
The product shall have an intuitive user interface.,F
The product will display an available status for unreserved conference rooms.,F
The System shall allow generation of Inventory Quantity Adjustment documents on demand.,F
The System shall allow on demand generation of all Inventory Quantity Adjustment documents since certain point of time.,F
The IQA subsystem shall take into account current inventory status and adjust inventory of substitutionary ingredients accordingly.,F
The System shall allow entering  storing and modifying product formulas.,F
Product formulas shall allow use of semi-products  which have own formulas.,F
Product formula ingredients shall allow defining substitutionary ingredients.,F
Product formula substitutionary ingredients shall be entered automatically by the PFE subsystem.,F
Formula substitutionary ingredients shall be kept in persisted order,F
Product shall allow entering  storing and modifying product menus used by POS terminals.,F
PME Subsystem shall allow building product menus based on the list of products kept in the accounting system.,F
PME Subsystem shall allow keeping submenus within menus and products within submenus in a managed and persisted order.,F
PME Subsystem shall allow for a product to exist in more than one submenu,F
The System shall generate Inventory Quantity Adjustment document based on product daily sales data and product formulas.,F
The System shall generate Inventory Quantity Adjustment document automatically when daily Product Sales data is available.,F
The website will allow customers to search for movies by title  actor  or director.,F
viewing a movie details the website will display the movies description actor and director entered in by the administrator.,F
Website shall request  and authorize credit card payment before allowing a user to stream a movie.,F
shall be able to stream purchased movie via Windows Media Player  for up to 2 days aftere purchase date.,F
Website shall allow customers to browse movies by categories entered in by izogn administrator.,F
Website shall allow customers to view reviews of selected movies by other customers.,F
Website shall allow customers to add their own movie review for a selected movie.,F
Website shall allow the Izogn administrator to approve a review posted by a customer.,F
System will allow customers to pay for a streaming movie with a pre-paid card.,F
System shall allow users to update their billing and contact information via the \93My Account\94 section of the website.,F
Pre-paid cards shall be distributed via email or via a printed paper card.,F
Website must be able to support free trial periods with various parameters set by the Izogn Manager.,F
All streaming movie sales will be logged in the database  and accessible by the administrator.,F
Daily usage statistics should be logged  and accessible by the administrator.,F
The owner shall have free access to all of the streaming movies.,F
The vendor will verify the invalid lead.,F
Vendor will submit a credit validation record to be applied to the enterprise billing system.,F
If a lead is scored to the high range the system will supply the lead data and score to the enterprise system.,F
The leads washing functionality will validate all leads received by the web service for valid data,F
The leads washing functionality will insert all leads captured by the web service.,F
If the leads score falls within the high average score then it will be process by the ARA functionality.,F
If the leads score falls within the low average then it will be returned to the supplying vendor,F
The leads washing functionality will compile both contact and academic scoring information for a total score.,F
The leads washing functionality will use the parameters supplied by corporate and schools to score part of the lead.,F
The leads washing functionality will return the lead data supplied to the vendor along with the reason of rejection.,F
The leads washing functionality will have an interface in which lead data parameters can be maintained.,F
The leads washing functionality will verify the users authentication and rights to make parameter updates.,F
The leads washing functionality will store any potential lead duplicates returned by the enterprise system.,F
The leads washing functionality shall receive a period list of available reps from the enterprise system.,F
The product shall maintain a list of players.,F
The product shall allow a user to identify himself or herself as a player.,F
The product shall allow a user to remove himself or herself from the list of players at any time.,F
The product shall make inactive players unavailable for selection from the list of players.,F
The product shall remove players who have been inactive for 24 hours from the list of players.,F
The product shall allow a player to initiate a game by selecting another available player from the list of players.,F
Once a game is initiated  the product shall display a defensive grid to each player,F
Once a game is initiated  the product shall display an offensive grid to each player.,F
The product shall prevent a player from viewing the offensive or defensive grids of the other player.,F
The product shall allow a player to position ships horizontally on their grid.,F
The product shall allow the player to position ships vertically on their grid.,F
The product shall allow the player to position ships diagonally on their grid,F
The product shall prevent the player from overlapping ships on their grid.,F
For each turn  the product shall identify one player as offensive status and one player as defensive status.,F
The product shall maintain the status of each player for a turn  either offensive or defensive.,F
At the start of each turn  the product shall notify each player of his or her status.,F
For each turn  the product shall allow the offensive player to define a shot.,F
For each shot  the product shall notify the players whether the shot was a hit or miss.,F
For each shot  the product shall mark the shot as a hit or miss on the defensive grid of the defensive player.,F
For each shot  the product shall mark the shot as a hit or miss on the offensive grid of the offensive player.,F
When the hit results in sinking a ship  the product shall notify the players that the ship was sunk.,F
If the shot was marked as a hit  the product shall allow the offensive player to define a shot.,F
If the shot was marked as a miss  the product shall change the status of the offensive player to defensive,F
If the shot was marked as a miss  the product shall change the status of the defensive player to offensive,F
The product shall continue to assign turns until the game is ended.,F
The product shall allow a player to end a game at any time during the game.,F
When a game is ended  the product shall notify the players that the game is ended.,F
When a game is ended  the product shall allow each player to remove himself or herself from the list of players.,F
The system shall support the ability to perform a send and receive operation.,F
The system shall support the ability to perform a send only operation.,F
The system shall support the ability to perform a receive only operation.,F
The system shall display and embed in each message a date/timestamp of when the message was sent.,F
The system shall allow a text search that users may use to find mail messages.,F
The system search feature should support the use of regular expressions in search.,F
The system shall provide an option to withdraw money.,F
The system shall query the user for the amount of money.,F
The system shall query the user for the account type.,F
The system shall validate the amount is available in the user's account before releasing funds to the user.,F
The system shall validate the amount is a multiple of $20.,F
The system shall debit the user's account upon withdrawal of funds.,F
The system shall be able to issue a specific amount of money to the user.,F
The meeting scheduler system shall be able to select a participant as an important participant.,F
The meeting scheduler system shall cancel a meeting due to canceling of an important participant.,F
The meeting scheduler system shall reschedule a meeting to support conflict resolutions.,F
The meeting scheduler system may be able to include an agenda for a meeting proposal.,F
The meeting scheduler system may be able to include a list of required equipment for a meeting proposal.,F
"A meeting scheduler system will temporarily reserve the ""time slots"" for the proposed meeting.",F
"A meeting scheduler system will inform the ""potential meeting participant"" of the meeting.",F
Users shall be required to log in to the Cafeteria Ordering System for all operations except viewing a menu.,F
The system should maintain correct schedules of labs and the documentation of all the lab equipment.,F
Authenticate and Login user to the web app.,F
Enable new users to register to the tech support system.,F
Enable a registered user to change his password if he forgets his password.,F
Enable a user to view questions and their corresponding answers.,F
Enable a logged in user to ask questions.,F
Enable a logged in user to post answers.,F
Enable a logged in user to up vote and down vote answers.,F
Provide an interface for the admin to approve posts so that posts are not visible without admin approval.,F
Enable the admin to generate reports which contains all the posts and their corresponding replies.,F
Most of the system functions will be controlled using the administrative interface.,F
Information recorded must include an optional field for context.,F
Information should be tagged according to who is entering the data.,F
It must be able to download the most recent medical record.,F
It must store the most recent copy of information in its application data folder.,F
The user must be able to set an option to hide information based on who has tagged it.,F
It must allow a user to login.,F
It must allow a user to logout.,F
All information must be viewable on the website.,F
All information must be updatable on the website.,F
It must allow a user to download a backup of their medical information.,F
A user must be logged on to be able to view or edit any medical information.,F
Each account must have a separate identifying account number.,F
The system shall allow user to choose filling that they want.,F
The system shall allow user to choose their preferable topping.,F
The system shall allow user to decorate their doughnut.,F
The system shall give the user an opportunity for the user to choose the selection of doughnut provided.,F
The system should take the customer name.,F
The system should keep the customer contact number.,F
The system should keep the customer email.,F
The system should ask the user to key in the pickup date.,F
The system should require the user to state time when should the doughnut be delivered.,F
Control the database and keep track of all records of customers and employee details.,F
Contact with the vendors and give permission to sell their product under the site after testing the product's quality.,F
View the details of all employees and control the whole site.,F
New users can sign up by creating new ID.,F
Can view all available products and can compare them and make a choice for purchasing products.,F
Can purchase any product through valid credit card.,F
Can give feedback to the 24X7 Customer Care Service center about their impression for the site and services.,F
Customer must logout of the site after purchasing products.,F
Can only visit the site without registration.,F
Can consult with the Administrator regarding product's quality and advertisements.,F
View the personal details of the customer.,F
Keep track of each product item's stocks for selling purpose.,F
Responsible for informing administrator when any product item's stock goes under the minimum level.,F
Taking permission from the Administrator for the product to be purchased from vendor.,F
Responsible for managing stocks of each product items.,F
Keep track of all the payment transactions made by the customers and update the payment information.,F
Consult with the Administrator about the payment details of the customers for the updating of the database.,F
Provide feasible solutions to the customers on their complaints and queries.,F
The system should require the user to state time when should the doughnut be delivered,F
The physician/pharmacist must have a valid user login to access the system.,F
A list of available patients is displayed after login.,F
An error message alerts when an invalid patient is entered.,F
Backspace/reset capability is implemented for typing errors.,F
Selected or specified patient's information is loaded.,F
Return to List is available if the patient loaded is not correct.,F
Navigation to each selected tab.,F
The font will be larger enough for easy reading.,F
Icons will clearly illustrate the feature it represents.,F
Basic Patient information is showed first.,F
Customized information is displayed.,F
Each entry is shown in full.,F
The text and time/date of a note that has been entered is displayed starting with most recent.,F
New and Delete buttons will allow the physician/pharmacist to add a notation to the patient's file.,F
The system shall allow the administrator to remove equipment.,F
The system shall allow the administrator to install additional distributed location templates.,F
The system shall allow the administrator to remove physical locations.,F
The system shall allow administrators to define negotiation rules for the organization.,F
The system shall give the mediator privileges to schedule location and equipment resources.,F
The system shall allow the mediator to negotiate a meeting date.,F
The system shall allow the mediator to solve a date conflict.,F
The system shall allow the mediator to solve a location conflict.,F
The system shall allow the mediator to send and receive messages from users.,F
The system shall allow the initiator to view the information of any meetings which they initiated.,F
The system shall allow the initiator to cancel any meetings which they initiated.,F
The system shall allow the initiator to send and receive messages from users.,F
The system shall authenticate users at the beginning each session.,F
The system shall allow the user to view their schedule.,F
The system shall notify the user of any schedule changes.,F
The system shall allow users to send and receive messages.,F
The system shall request a user response to initiator or mediator messages.,F
The system shall allow the user to modify the date preference set of an already submitted meeting response.,F
 The system shall allow the user to modify the location preference set of an already submitted meeting response.,F
The system shall allow the user to modify the equipment requirement set of an already submitted meeting response.,F
The system shall allow the user to modify the date exclusion set of an already submitted meeting response.,F
The system shall allow the user to change the password.,F
The system shall allow the user to view past attended meetings.,F
The system shall allow the user to view pending meetings.,F
The system shall show the meetings to the user in ascending time order by default.,F
The system shall allow users to view equipment information.,F
The system shall allow users to view other users' information.,F
The system shall allow user to specify custom meeting locations.,F
The system shall allow users to view location information.,F
The system shall allow users to search  for available distributed location templates(if any).,F
The system shall allow users to view information concerning the available distributed location templates(if any).,F
The system shall display all the products that can be configured.,F
The system shall allow user to select the product to configure.,F
The system shall display all the available components of the product to configure.,F
The system shall enable user to add one or more component to the configuration.,F
The system shall notify the user about any conflict in the current configuration.,F
The system shall allow user to confirm the completion of current configuration.,F
The system shall display detailed information of the selected products.,F
The system shall provide browsing options to see product details.,F
The system shall display detailed product categorization to the user.,F
The system shall enable user to enter the search text on the screen.,F
The system shall enable user to select multiple options on the screen to search.,F
The system shall display all the matching products based on the search.,F
The system shall display only 10 matching result on the current screen.,F
The system shall enable user to navigate between the search results.,F
The system shall notify the user when no matching product is found on the search.,F
The system shall allow user to create profile and set his credential.,F
The system shall authenticate user credentials to view the profile.,F
The system shall allow user to update the profile information.,F
The system shall display both the active and completed order history in the customer profile.,F
The system shall allow user to select the order from the order history.,F
The system shall display the detailed information about the selected order.,F
The system shall display the most frequently searched items by the user in the profile.,F
The system shall allow user to register for newsletters and surveys in the profile.,F
The system shall allow user to select the support type he wants.,F
The system shall allow user to enter the customer and product information for the support.,F
The system shall display the customer support contact numbers on the screen.,F
The system shall allow user to enter the contact number for support personnel to call.,F
The system shall display the online help upon request.,F
The system shall display the FAQ's upon request.,F
The system shall maintain customer email information as a required part of customer profile.,F
The system shall send an order confirmation to the user through email.,F
The system shall display detailed invoice for current order once it is confirmed.,F
The system shall optionally allow user to print the invoice.,F
The system shall provide shopping cart during online purchase.,F
The system shall allow user to add/remove products in the shopping cart.,F
The system shall display different shipping options provided by shipping department.,F
The system shall enable user to select the shipping method during payment process.,F
The system shall display the shipping charges.,F
The system shall display tentative duration for shipping.,F
The system shall allow user to enter the order information for tracking.,F
The system shall display the current tracking information about the order.,F
The system shall calculate tax for the order.,F
The system shall display tax information for the order.,F
The system shall display available payment methods for payment.,F
The system shall allow user to select the payment method for order.,F
The system shall display the orders that are eligible to change.,F
The system shall allow user to select the order to be changed.,F
The system shall allow user to cancel the order.,F
The system shall notify the user about any changes made to the order.,F
The system shall enable the user to enter their reviews and ratings.,F
The system shall display all the available financing options.,F
The system shall allow user to select the financing option.,F
The system shall notify the use about the financing request.,F
The system shall allow user to view detailed sitemap.,F
The system shall display all the available promotions to the user.,F
The system shall allow user to select available promotion.,F
The system shall allow user to confirm the purchase.,F
The system shall enable user to enter the payment information.,F
The system shall allow the user to register for an account from any page in the system.,F
The secondary database shall store historical statistics and archival data.,F
The application should be connected to the Internet.,F
The application should be connected to the GPS device.,F
